{
  "score": 0.7570559211090319,
  "hard_success": 0,
  "bounced_gate_passes": 4,
  "bounced_gate_pass": [
    1,
    1,
    1,
    1
  ],
  "raw_gates_passed": 4,
  "drone_windows_passed": 1,
  "target_box_score": 0.9999999999712519,
  "target_box_entered": 1,
  "safety_score": 0.0,
  "drone_crash": 1,
  "max_tilt_deg": 149.06997190770556,
  "max_action_N": 12.941668201624289,
  "final_ball_pos": [
    6.524562222873674,
    2.7669309395073833,
    0.10891543788444136
  ],
  "final_drone_pos": [
    13.279520427401943,
    -1.2338135967118207,
    0.4576487611998186
  ],
  "contacts": 15,
  "observation_mode": "partial",
  "scenario_name": "nominal",
  "policy_path": "/mnt/openfoam/pingpong-venv/progression/_staging/20260715T215508Z_policy_evolved_ci_20260715T185748Z/policy.py",
  "policy_sha256": "012f686e340d568aa5fc8658b05afcaa9e9a0c2607bc607e0548c35c8ed05669",
  "phase_notes": null
}