{
  "score": 0.2646,
  "hard_success": 0,
  "bounced_gate_passes": 3,
  "bounced_gate_pass": [
    1,
    1,
    0,
    1
  ],
  "raw_gates_passed": 4,
  "drone_windows_passed": 1,
  "target_box_score": 0.0,
  "target_box_entered": 0,
  "safety_score": 0.0,
  "drone_crash": 1,
  "max_tilt_deg": 179.51861818814717,
  "max_action_N": 12.941668201624289,
  "final_ball_pos": [
    15.410182040677594,
    5.450233004836807,
    0.059982614414221404
  ],
  "final_drone_pos": [
    0.17995288188717645,
    5.054148985827987,
    1.3722429475984657
  ],
  "contacts": 10,
  "observation_mode": "partial",
  "scenario_name": "edge_high_slow_delay3",
  "policy_path": "/mnt/openfoam/pingpong-venv/progression/_staging/20260717T155828Z_policy_evolved_ci_20260717T155828Z/policy.py",
  "policy_sha256": "9ef6187dba79d89023439c19ecc4320a89a047b608538d041726c15186c1a4fb",
  "phase_notes": null
}