{
  "score": 0.19607999999999998,
  "hard_success": 0,
  "bounced_gate_passes": 2,
  "bounced_gate_pass": [
    1,
    1,
    0,
    0
  ],
  "raw_gates_passed": 3,
  "drone_windows_passed": 0,
  "target_box_score": 0.0,
  "target_box_entered": 0,
  "safety_score": 0.0,
  "drone_crash": 1,
  "max_tilt_deg": 117.2812324986826,
  "max_action_N": 13.0,
  "final_ball_pos": [
    5.211065065573634,
    3.711094052190945,
    0.05994788054159833
  ],
  "final_drone_pos": [
    4.539284507358884,
    1.5314007474926912,
    0.33585259304222953
  ],
  "contacts": 78,
  "observation_mode": "partial",
  "scenario_name": "range_424242_009",
  "policy_path": "/mnt/openfoam/pingpong-venv/progression/_staging/20260717T043509Z_policy_evolved_ci_20260717T043509Z/policy.py",
  "policy_sha256": "9a21bc6f0216acb51f41da7b23e396ab49ab4d85b2fe8448eb1ecd47b15bac95",
  "phase_notes": null
}