{
  "score": 0.20759999999999998,
  "hard_success": 0,
  "bounced_gate_passes": 2,
  "bounced_gate_pass": [
    1,
    1,
    0,
    0
  ],
  "raw_gates_passed": 3,
  "drone_windows_passed": 0,
  "target_box_score": 0.0,
  "target_box_entered": 0,
  "safety_score": 0.0,
  "drone_crash": 1,
  "max_tilt_deg": 178.13409151607644,
  "max_action_N": 13.0,
  "final_ball_pos": [
    4.502585549767284,
    0.8914112608765279,
    0.05994788078653967
  ],
  "final_drone_pos": [
    5.42492880867669,
    -0.8764970987837103,
    0.31270520799112983
  ],
  "contacts": 9,
  "observation_mode": "partial",
  "scenario_name": "range_424242_012",
  "policy_path": "/mnt/openfoam/pingpong-venv/progression/_staging/20260715T215125Z_policy_evolved_ci_20260715T185748Z/policy.py",
  "policy_sha256": "8c1c5038fb5d9ec04fbb25019c2925a1cdc0fa1d89bfad3bbc8474564cef8aff",
  "phase_notes": null
}