{
  "score": 0.3969307711850433,
  "hard_success": 0,
  "bounced_gate_passes": 2,
  "bounced_gate_pass": [
    1,
    1,
    0,
    0
  ],
  "raw_gates_passed": 3,
  "drone_windows_passed": 1,
  "target_box_score": 0.9988461864173889,
  "target_box_entered": 1,
  "safety_score": 0.0,
  "drone_crash": 1,
  "max_tilt_deg": 94.19131586635768,
  "max_action_N": 13.0,
  "final_ball_pos": [
    6.4692610690744985,
    2.366901627665961,
    0.10891543788805266
  ],
  "final_drone_pos": [
    5.875838577663283,
    1.918094963233155,
    0.34553776337923836
  ],
  "contacts": 5,
  "observation_mode": "partial",
  "scenario_name": "range_424242_007",
  "policy_path": "/mnt/openfoam/pingpong-venv/progression/_staging/20260717T092151Z_policy_evolved_ci_20260717T092150Z/policy.py",
  "policy_sha256": "4f54b95cd1256927a4e2ed02aefbd2e52a4a90a0525f7e3270b1fac16d51f6fb",
  "phase_notes": null
}