{
  "score": 0.13234671428571426,
  "hard_success": 0,
  "bounced_gate_passes": 1,
  "bounced_gate_pass": [
    1,
    0,
    0,
    0
  ],
  "raw_gates_passed": 3,
  "drone_windows_passed": 0,
  "target_box_score": 0.0,
  "target_box_entered": 0,
  "safety_score": 0.0,
  "drone_crash": 1,
  "max_tilt_deg": 179.99981882287534,
  "max_action_N": 13.0,
  "final_ball_pos": [
    6.03366738134779,
    0.7036950473816226,
    0.05994788074388915
  ],
  "final_drone_pos": [
    3.4875828241262825,
    0.07329726301365862,
    0.24797818578221317
  ],
  "contacts": 101,
  "observation_mode": "partial",
  "scenario_name": "range_424242_003",
  "policy_path": "/opt/pingpong/progression/_staging/20260718T175806Z_policy_evolved_g814/policy.py",
  "policy_sha256": "4bb0cdf8df156ebe743b4cf6ae9ae36553aa70a13b7f53d556babec72d70b6c6",
  "phase_notes": null
}