{
  "score": 0.20759999999999998,
  "hard_success": 0,
  "bounced_gate_passes": 2,
  "bounced_gate_pass": [
    1,
    1,
    0,
    0
  ],
  "raw_gates_passed": 4,
  "drone_windows_passed": 0,
  "target_box_score": 0.0,
  "target_box_entered": 0,
  "safety_score": 1.0,
  "drone_crash": 0,
  "max_tilt_deg": 61.222069450737315,
  "max_action_N": 13.0,
  "final_ball_pos": [
    13.694433738382784,
    7.357889025932796,
    0.05997855857037981
  ],
  "final_drone_pos": [
    13.439380935052757,
    0.8272773565190441,
    1.3788528256627277
  ],
  "contacts": 9,
  "observation_mode": "partial",
  "scenario_name": "range_424242_010",
  "policy_path": "/mnt/openfoam/pingpong-venv/progression/_staging/20260716T035214Z_policy_evolved_ci_20260715T185748Z/policy.py",
  "policy_sha256": "57d90abce68b974106451260f5d1af1d782bba9bd23e67109f95c6225d89434f",
  "phase_notes": null
}