{
  "score": 0.016825906153846153,
  "hard_success": 0,
  "bounced_gate_passes": 0,
  "bounced_gate_pass": [
    0,
    0,
    0,
    0
  ],
  "raw_gates_passed": 0,
  "drone_windows_passed": 0,
  "target_box_score": 0.0,
  "target_box_entered": 0,
  "safety_score": 0.0,
  "drone_crash": 0,
  "max_tilt_deg": 47.44601268857743,
  "max_action_N": 9.091044332210494,
  "final_ball_pos": [
    2.710342921072429,
    0.07267018279249282,
    0.053646737053108885
  ],
  "final_drone_pos": [
    0.5803055678415978,
    0.0201664316117022,
    2.2655944000553108
  ],
  "contacts": 3,
  "observation_mode": "partial",
  "scenario_name": "range_424242_008",
  "policy_path": "/mnt/openfoam/pingpong-venv/progression/_staging/20260724T035857Z_policy_juggle_ok_20260723T142740Z/policy.py",
  "policy_sha256": "1f49d5806d788df388a0edffedd42f442295fb32f7940c19d214e02d7399e417",
  "phase_notes": null
}