{
  "score": 0.20087999999999998,
  "hard_success": 0,
  "bounced_gate_passes": 2,
  "bounced_gate_pass": [
    1,
    1,
    0,
    0
  ],
  "raw_gates_passed": 2,
  "drone_windows_passed": 0,
  "target_box_score": 0.0,
  "target_box_entered": 0,
  "safety_score": 0.0,
  "drone_crash": 1,
  "max_tilt_deg": 48.637923132788444,
  "max_action_N": 13.0,
  "final_ball_pos": [
    -10.597268809889862,
    1.9851546843747823,
    0.0599775635558297
  ],
  "final_drone_pos": [
    3.071625453913555,
    2.365923839192902,
    0.18692230207714264
  ],
  "contacts": 58,
  "observation_mode": "partial",
  "scenario_name": "range_424242_004",
  "policy_path": "/mnt/openfoam/pingpong-venv/progression/_staging/20260716T035214Z_policy_evolved_ci_20260715T185748Z/policy.py",
  "policy_sha256": "57d90abce68b974106451260f5d1af1d782bba9bd23e67109f95c6225d89434f",
  "phase_notes": null
}