{
  "score": 0.5175396263037035,
  "hard_success": 0,
  "bounced_gate_passes": 3,
  "bounced_gate_pass": [
    1,
    1,
    1,
    0
  ],
  "raw_gates_passed": 3,
  "drone_windows_passed": 1,
  "target_box_score": 0.9915376975229531,
  "target_box_entered": 1,
  "safety_score": 0.0,
  "drone_crash": 1,
  "max_tilt_deg": 152.42287443924988,
  "max_action_N": 13.0,
  "final_ball_pos": [
    6.506091865712712,
    2.7896143456073443,
    0.10891543748843173
  ],
  "final_drone_pos": [
    4.505190828964822,
    1.2746131021432738,
    0.3586505421312451
  ],
  "contacts": 5,
  "observation_mode": "partial",
  "scenario_name": "range_424242_006",
  "policy_path": "/opt/pingpong/progression/_staging/20260718T152101Z_policy_evolved_g202/policy.py",
  "policy_sha256": "3700811d2272dfd3258ea17c06e1857dab6db2bc83f5d4d1c6ec2511d4e4aeab",
  "phase_notes": null
}