{
  "score": 0.13476,
  "hard_success": 0,
  "bounced_gate_passes": 1,
  "bounced_gate_pass": [
    1,
    0,
    0,
    0
  ],
  "raw_gates_passed": 2,
  "drone_windows_passed": 0,
  "target_box_score": 0.0,
  "target_box_entered": 0,
  "safety_score": 0.0,
  "drone_crash": 1,
  "max_tilt_deg": 51.04622850306373,
  "max_action_N": 13.0,
  "final_ball_pos": [
    -2.6477783120295966,
    -0.9392184812859351,
    0.05995602885302624
  ],
  "final_drone_pos": [
    -1.080600053850608,
    0.48642330482965374,
    0.0037429294232525553
  ],
  "contacts": 88,
  "observation_mode": "partial",
  "scenario_name": "range_424242_003",
  "policy_path": "/mnt/openfoam/pingpong-venv/progression/_staging/20260719T032947Z_policy_evolved_g814/policy.py",
  "policy_sha256": "e9cd0972431fdc0ab790f4d5c9beafe0ed1790d387738c5ae54ee31597753791",
  "phase_notes": null
}