{
  "score": 0.20759999999999998,
  "hard_success": 0,
  "bounced_gate_passes": 2,
  "bounced_gate_pass": [
    1,
    1,
    0,
    0
  ],
  "raw_gates_passed": 2,
  "drone_windows_passed": 1,
  "target_box_score": 0.0,
  "target_box_entered": 0,
  "safety_score": 0.0,
  "drone_crash": 1,
  "max_tilt_deg": 132.3260962236265,
  "max_action_N": 13.0,
  "final_ball_pos": [
    3.1663497881862037,
    0.1168324194784389,
    0.05994788115205809
  ],
  "final_drone_pos": [
    3.3304076716038606,
    1.933753276187571,
    0.433711233761068
  ],
  "contacts": 17,
  "observation_mode": "partial",
  "scenario_name": "edge_low_fast_delay6",
  "policy_path": "/mnt/openfoam/pingpong-venv/progression/_staging/20260715T215125Z_policy_evolved_ci_20260715T185748Z/policy.py",
  "policy_sha256": "8c1c5038fb5d9ec04fbb25019c2925a1cdc0fa1d89bfad3bbc8474564cef8aff",
  "phase_notes": null
}