{
  "score": 0.7973305158343483,
  "hard_success": 0,
  "bounced_gate_passes": 4,
  "bounced_gate_pass": [
    1,
    1,
    1,
    1
  ],
  "raw_gates_passed": 4,
  "drone_windows_passed": 3,
  "target_box_score": 0.9999999999687701,
  "target_box_entered": 1,
  "safety_score": 0.0,
  "drone_crash": 1,
  "max_tilt_deg": 149.30997537572705,
  "max_action_N": 12.941668201624289,
  "final_ball_pos": [
    6.529170888481115,
    2.7585722691467094,
    0.10891543788444137
  ],
  "final_drone_pos": [
    2.361616590017012,
    0.9302513602034609,
    1.4005514902169633
  ],
  "contacts": 15,
  "observation_mode": "partial",
  "scenario_name": "nominal",
  "policy_path": "/mnt/openfoam/pingpong-venv/progression/_staging/20260719T032947Z_policy_evolved_g814/policy.py",
  "policy_sha256": "e9cd0972431fdc0ab790f4d5c9beafe0ed1790d387738c5ae54ee31597753791",
  "phase_notes": null
}