{
  "score": 0.20519999999999997,
  "hard_success": 0,
  "bounced_gate_passes": 2,
  "bounced_gate_pass": [
    1,
    1,
    0,
    0
  ],
  "raw_gates_passed": 4,
  "drone_windows_passed": 0,
  "target_box_score": 0.0,
  "target_box_entered": 0,
  "safety_score": 0.0,
  "drone_crash": 1,
  "max_tilt_deg": 63.02714571935139,
  "max_action_N": 13.0,
  "final_ball_pos": [
    15.351028128692763,
    6.1904330823499425,
    0.05995607180348202
  ],
  "final_drone_pos": [
    20.512586436993,
    5.807505625125884,
    1.382919126725435
  ],
  "contacts": 40,
  "observation_mode": "partial",
  "scenario_name": "range_424242_005",
  "policy_path": "/mnt/openfoam/pingpong-venv/progression/_staging/20260716T041926Z_policy_evolved_ci_20260716T041925Z/policy.py",
  "policy_sha256": "72762254253b8dd2212362f1f1816f5385dc0006eba017f74caa3948e93b6331",
  "phase_notes": null
}