{
  "score": 0.3856990146652264,
  "hard_success": 0,
  "bounced_gate_passes": 4,
  "bounced_gate_pass": [
    1,
    1,
    1,
    1
  ],
  "raw_gates_passed": 4,
  "drone_windows_passed": 0,
  "target_box_score": 0.0,
  "target_box_entered": 0,
  "safety_score": 1.0,
  "drone_crash": 0,
  "max_tilt_deg": 63.02714571935139,
  "max_action_N": 13.0,
  "final_ball_pos": [
    15.90876293553987,
    5.572604830628773,
    0.059955208043942436
  ],
  "final_drone_pos": [
    18.019260153131313,
    1.8022169842067974,
    1.3876955138773766
  ],
  "contacts": 8,
  "observation_mode": "partial",
  "scenario_name": "range_424242_005",
  "policy_path": "/mnt/openfoam/pingpong-venv/progression/_staging/20260719T181936Z_policy_v230/policy.py",
  "policy_sha256": "67fd0f002ef3a64319e78fd2f07846b11a05a9911ba7b48f6f47a47a7b048726",
  "phase_notes": null
}