{
  "score": 0.21803999999999998,
  "hard_success": 0,
  "bounced_gate_passes": 2,
  "bounced_gate_pass": [
    1,
    1,
    0,
    0
  ],
  "raw_gates_passed": 3,
  "drone_windows_passed": 2,
  "target_box_score": 0.0,
  "target_box_entered": 0,
  "safety_score": 0.0,
  "drone_crash": 1,
  "max_tilt_deg": 174.24561418896752,
  "max_action_N": 13.0,
  "final_ball_pos": [
    5.934833098486089,
    -0.3998190363668171,
    0.05994788003333189
  ],
  "final_drone_pos": [
    2.7174557206322087,
    1.2609313326288067,
    1.595825145568127
  ],
  "contacts": 25,
  "observation_mode": "partial",
  "scenario_name": "edge_high_slow_delay3",
  "policy_path": "/opt/pingpong/progression/_staging/20260718T175806Z_policy_evolved_g814/policy.py",
  "policy_sha256": "4bb0cdf8df156ebe743b4cf6ae9ae36553aa70a13b7f53d556babec72d70b6c6",
  "phase_notes": null
}