{
  "score": 0.20759999999999998,
  "hard_success": 0,
  "bounced_gate_passes": 2,
  "bounced_gate_pass": [
    1,
    1,
    0,
    0
  ],
  "raw_gates_passed": 2,
  "drone_windows_passed": 0,
  "target_box_score": 0.0,
  "target_box_entered": 0,
  "safety_score": 0.0,
  "drone_crash": 1,
  "max_tilt_deg": 179.25458856892857,
  "max_action_N": 13.0,
  "final_ball_pos": [
    3.7299103184280544,
    9.742904936214664,
    0.059954766051106466
  ],
  "final_drone_pos": [
    3.8418727656218374,
    2.8699273953685935,
    0.28721207038735486
  ],
  "contacts": 10,
  "observation_mode": "partial",
  "scenario_name": "ball_y_pos",
  "policy_path": "/mnt/openfoam/pingpong-venv/progression/_staging/20260716T035214Z_policy_evolved_ci_20260715T185748Z/policy.py",
  "policy_sha256": "57d90abce68b974106451260f5d1af1d782bba9bd23e67109f95c6225d89434f",
  "phase_notes": null
}