{
  "score": 0.2746822333368796,
  "hard_success": 0,
  "bounced_gate_passes": 3,
  "bounced_gate_pass": [
    1,
    1,
    1,
    0
  ],
  "raw_gates_passed": 3,
  "drone_windows_passed": 1,
  "target_box_score": 0.0,
  "target_box_entered": 0,
  "safety_score": 0.0,
  "drone_crash": 1,
  "max_tilt_deg": 166.68480450297983,
  "max_action_N": 13.0,
  "final_ball_pos": [
    6.729707992284487,
    6.23602218104843,
    0.059949877236044606
  ],
  "final_drone_pos": [
    4.61147286714676,
    1.8754606986934899,
    0.26565177414825114
  ],
  "contacts": 6,
  "observation_mode": "partial",
  "scenario_name": "range_424242_006",
  "policy_path": "/mnt/openfoam/pingpong-venv/progression/_staging/20260719T032947Z_policy_evolved_g814/policy.py",
  "policy_sha256": "e9cd0972431fdc0ab790f4d5c9beafe0ed1790d387738c5ae54ee31597753791",
  "phase_notes": null
}