{
  "score": 0.19896,
  "hard_success": 0,
  "bounced_gate_passes": 2,
  "bounced_gate_pass": [
    1,
    1,
    0,
    0
  ],
  "raw_gates_passed": 3,
  "drone_windows_passed": 1,
  "target_box_score": 0.0,
  "target_box_entered": 0,
  "safety_score": 0.0,
  "drone_crash": 0,
  "max_tilt_deg": 65.71798656214497,
  "max_action_N": 12.941668201624289,
  "final_ball_pos": [
    6.118193238898019,
    3.1754169028566,
    0.3006061927816007
  ],
  "final_drone_pos": [
    29.677744481290876,
    -1.789771667569598,
    1.3418812778288804
  ],
  "contacts": 66,
  "observation_mode": "partial",
  "scenario_name": "edge_noise_delay6",
  "policy_path": "/mnt/openfoam/pingpong-venv/progression/_staging/20260716T035214Z_policy_evolved_ci_20260715T185748Z/policy.py",
  "policy_sha256": "57d90abce68b974106451260f5d1af1d782bba9bd23e67109f95c6225d89434f",
  "phase_notes": null
}