{
  "score": 0.8176865773347488,
  "hard_success": 0,
  "bounced_gate_passes": 4,
  "bounced_gate_pass": [
    1,
    1,
    1,
    1
  ],
  "raw_gates_passed": 4,
  "drone_windows_passed": 4,
  "target_box_score": 0.9999999999687701,
  "target_box_entered": 1,
  "safety_score": 0.0,
  "drone_crash": 1,
  "max_tilt_deg": 149.30997537572705,
  "max_action_N": 12.941668201624289,
  "final_ball_pos": [
    6.529170888481115,
    2.7585722691467094,
    0.10891543788444137
  ],
  "final_drone_pos": [
    -4.602020865859035,
    -4.343516522756266,
    1.3491799562661062
  ],
  "contacts": 15,
  "observation_mode": "partial",
  "scenario_name": "nominal",
  "policy_path": "/mnt/openfoam/pingpong-venv/progression/_staging/20260719T193513Z_policy_v230/policy.py",
  "policy_sha256": "a1bbc532c8be579240d1e4db699db2eaa6894503b62aa6f1f37a7deb6c2cdd3d",
  "phase_notes": null
}