{
  "score": 0.20219999999999996,
  "hard_success": 0,
  "bounced_gate_passes": 2,
  "bounced_gate_pass": [
    1,
    1,
    0,
    0
  ],
  "raw_gates_passed": 2,
  "drone_windows_passed": 1,
  "target_box_score": 0.0,
  "target_box_entered": 0,
  "safety_score": 0.0,
  "drone_crash": 1,
  "max_tilt_deg": 178.24249025358785,
  "max_action_N": 12.941668201624289,
  "final_ball_pos": [
    7.406819589451163,
    5.012269055643958,
    0.059957958919313555
  ],
  "final_drone_pos": [
    2.546365630077442,
    1.4579062356321275,
    0.3595683519919462
  ],
  "contacts": 3,
  "observation_mode": "partial",
  "scenario_name": "range_424242_011",
  "policy_path": "/mnt/openfoam/pingpong-venv/progression/_staging/20260715T061844Z_policy_evolved_g883/policy.py",
  "policy_sha256": "79a5daf5f7213cc022ba32748577ea4f3921ea3a88a7d04d25557cf4239e5796",
  "phase_notes": null
}