{
  "score": 0.05694602215966697,
  "hard_success": 0,
  "bounced_gate_passes": 0,
  "bounced_gate_pass": [
    0,
    0,
    0,
    0
  ],
  "raw_gates_passed": 0,
  "drone_windows_passed": 1,
  "target_box_score": 0.0,
  "target_box_entered": 0,
  "safety_score": 0.6662901459633014,
  "drone_crash": 0,
  "max_tilt_deg": 73.34274635091747,
  "max_action_N": 9.196569620269754,
  "final_ball_pos": [
    -0.12425840393485886,
    0.6635019971996184,
    0.05353949458246924
  ],
  "final_drone_pos": [
    1.935987612796626,
    0.3705666816418123,
    1.409173299231676
  ],
  "contacts": 2,
  "observation_mode": "partial",
  "scenario_name": "range_424242_004",
  "policy_path": "/mnt/openfoam/pingpong-venv/progression/_staging/20260724T035857Z_policy_juggle_ok_20260723T142740Z/policy.py",
  "policy_sha256": "1f49d5806d788df388a0edffedd42f442295fb32f7940c19d214e02d7399e417",
  "phase_notes": null
}