{
  "score": 0.028133595717115233,
  "hard_success": 0,
  "bounced_gate_passes": 0,
  "bounced_gate_pass": [
    0,
    0,
    0,
    0
  ],
  "raw_gates_passed": 0,
  "drone_windows_passed": 0,
  "target_box_score": 0.0,
  "target_box_entered": 0,
  "safety_score": 0.0,
  "drone_crash": 1,
  "max_tilt_deg": 156.18890868929458,
  "max_action_N": 9.723929487808595,
  "final_ball_pos": [
    0.09547556845786849,
    -3.1493276804319073,
    0.049473195009299156
  ],
  "final_drone_pos": [
    0.8020106028864062,
    -2.9374875141321275,
    0.4987868532648677
  ],
  "contacts": 5,
  "observation_mode": "partial",
  "scenario_name": "range_424242_015",
  "policy_path": "/mnt/openfoam/pingpong-venv/progression/_staging/20260724T035857Z_policy_juggle_ok_20260723T142740Z/policy.py",
  "policy_sha256": "1f49d5806d788df388a0edffedd42f442295fb32f7940c19d214e02d7399e417",
  "phase_notes": null
}