{
  "score": 0.20759999999999998,
  "hard_success": 0,
  "bounced_gate_passes": 2,
  "bounced_gate_pass": [
    1,
    1,
    0,
    0
  ],
  "raw_gates_passed": 2,
  "drone_windows_passed": 0,
  "target_box_score": 0.0,
  "target_box_entered": 0,
  "safety_score": 0.0,
  "drone_crash": 1,
  "max_tilt_deg": 152.8549542762316,
  "max_action_N": 13.0,
  "final_ball_pos": [
    2.6727072059438086,
    9.318966119895505,
    0.05995293772281646
  ],
  "final_drone_pos": [
    8.73452213450639,
    14.89123977387451,
    1.3476275627339362
  ],
  "contacts": 10,
  "observation_mode": "partial",
  "scenario_name": "ball_y_pos",
  "policy_path": "/mnt/openfoam/pingpong-venv/progression/_staging/20260717T055320Z_policy_evolved_ci_20260717T055320Z/policy.py",
  "policy_sha256": "b6a7e7191b1c133abc6d9a8d1a2e387f722a7ae958a2ad07bfb99fb3faff3bfc",
  "phase_notes": null
}