{
  "score": 0.21169913335015214,
  "hard_success": 0,
  "bounced_gate_passes": 2,
  "bounced_gate_pass": [
    1,
    1,
    0,
    0
  ],
  "raw_gates_passed": 2,
  "drone_windows_passed": 0,
  "target_box_score": 0.0,
  "target_box_entered": 0,
  "safety_score": 0.0,
  "drone_crash": 0,
  "max_tilt_deg": 51.908185204549746,
  "max_action_N": 13.0,
  "final_ball_pos": [
    2.878263694495519,
    6.884384066748125,
    0.05994788112865277
  ],
  "final_drone_pos": [
    5.193338636890255,
    1.901224824174281,
    1.467997216042421
  ],
  "contacts": 42,
  "observation_mode": "partial",
  "scenario_name": "range_424242_002",
  "policy_path": "/mnt/openfoam/pingpong-venv/progression/_staging/20260715T004846Z_policy_evolved_g396/policy.py",
  "policy_sha256": "56bcc7091643e1bb0ef7bca8e0a3d05353cdb9b0f8e8c30e01dc044dfafcfea8",
  "phase_notes": null
}