{
  "score": 0.38338383543492377,
  "hard_success": 0,
  "bounced_gate_passes": 4,
  "bounced_gate_pass": [
    1,
    1,
    1,
    1
  ],
  "raw_gates_passed": 4,
  "drone_windows_passed": 0,
  "target_box_score": 0.0,
  "target_box_entered": 0,
  "safety_score": 1.0,
  "drone_crash": 0,
  "max_tilt_deg": 60.81158486453905,
  "max_action_N": 13.0,
  "final_ball_pos": [
    17.246611795440934,
    2.3112537865027534,
    0.05996253141028743
  ],
  "final_drone_pos": [
    21.8369257358805,
    0.49300987191156226,
    0.7740514614203844
  ],
  "contacts": 11,
  "observation_mode": "partial",
  "scenario_name": "ball_x_pos",
  "policy_path": "/mnt/openfoam/pingpong-venv/repair_work/policy_v109.py",
  "policy_sha256": "1ebde33bd5926232ae5680ae056803c6fdf8adcaae6993972ceed3525407d020",
  "phase_notes": null
}