{
  "score": 0.7973842854966342,
  "hard_success": 0,
  "bounced_gate_passes": 4,
  "bounced_gate_pass": [
    1,
    1,
    1,
    1
  ],
  "raw_gates_passed": 4,
  "drone_windows_passed": 3,
  "target_box_score": 0.999999999968779,
  "target_box_entered": 1,
  "safety_score": 0.0,
  "drone_crash": 1,
  "max_tilt_deg": 149.31224482653073,
  "max_action_N": 12.941668201624289,
  "final_ball_pos": [
    6.529161947918475,
    2.758542135654829,
    0.10891543788444137
  ],
  "final_drone_pos": [
    2.4686276183274645,
    1.0652228275929947,
    1.3853635805004731
  ],
  "contacts": 15,
  "observation_mode": "partial",
  "scenario_name": "nominal",
  "policy_path": "/opt/pingpong/progression/_staging/20260718T152101Z_policy_evolved_g202/policy.py",
  "policy_sha256": "3700811d2272dfd3258ea17c06e1857dab6db2bc83f5d4d1c6ec2511d4e4aeab",
  "phase_notes": null
}