{
  "score": 0.7209191486024048,
  "hard_success": 0,
  "bounced_gate_passes": 4,
  "bounced_gate_pass": [
    1,
    1,
    1,
    1
  ],
  "raw_gates_passed": 4,
  "drone_windows_passed": 0,
  "target_box_score": 0.9999999999981254,
  "target_box_entered": 1,
  "safety_score": 0.0,
  "drone_crash": 1,
  "max_tilt_deg": 158.00698790779614,
  "max_action_N": 13.0,
  "final_ball_pos": [
    6.416972321583025,
    2.5814737908042584,
    0.10891543788444139
  ],
  "final_drone_pos": [
    5.995059906230003,
    1.7111559423927598,
    0.4253920310195511
  ],
  "contacts": 24,
  "observation_mode": "partial",
  "scenario_name": "low_fast",
  "policy_path": "/mnt/openfoam/pingpong-venv/progression/_staging/20260719T190202Z_policy_v230/policy.py",
  "policy_sha256": "db5c58dd5fea88b34e984774f0472d897e3ac5fc2f1ba07c9373d282d9f4fc88",
  "phase_notes": null
}