{
  "score": 0.20219999999999996,
  "hard_success": 0,
  "bounced_gate_passes": 2,
  "bounced_gate_pass": [
    1,
    1,
    0,
    0
  ],
  "raw_gates_passed": 3,
  "drone_windows_passed": 1,
  "target_box_score": 0.0,
  "target_box_entered": 0,
  "safety_score": 0.0,
  "drone_crash": 1,
  "max_tilt_deg": 177.39494423800284,
  "max_action_N": 13.0,
  "final_ball_pos": [
    5.376718154562495,
    3.5734343511967896,
    0.059947880728887265
  ],
  "final_drone_pos": [
    5.8684676669780265,
    4.5359583649380895,
    0.30473774890810373
  ],
  "contacts": 5,
  "observation_mode": "partial",
  "scenario_name": "range_424242_007",
  "policy_path": "/mnt/openfoam/pingpong-venv/progression/_staging/20260716T040435Z_policy_evolved_ci_20260715T185748Z/policy.py",
  "policy_sha256": "cff965f2bb6fb4ca1fbf9dcf29284cb3ca78eec59db43264aac47d55c4ab1a7c",
  "phase_notes": null
}