{
  "score": 0.20759999999999998,
  "hard_success": 0,
  "bounced_gate_passes": 2,
  "bounced_gate_pass": [
    1,
    1,
    0,
    0
  ],
  "raw_gates_passed": 2,
  "drone_windows_passed": 1,
  "target_box_score": 0.0,
  "target_box_entered": 0,
  "safety_score": 0.0,
  "drone_crash": 1,
  "max_tilt_deg": 99.75925717795977,
  "max_action_N": 13.0,
  "final_ball_pos": [
    4.161991452274235,
    2.7936478075502285,
    0.059947880643947724
  ],
  "final_drone_pos": [
    4.59770361201894,
    2.8722825650344377,
    0.2986370936637191
  ],
  "contacts": 13,
  "observation_mode": "partial",
  "scenario_name": "edge_crosswind_a",
  "policy_path": "/mnt/openfoam/pingpong-venv/progression/_staging/20260719T182822Z_policy_v230/policy.py",
  "policy_sha256": "9b4f3926091d64be31f110433f1406d414d35746425f77fffcdc5e8b878c3a63",
  "phase_notes": null
}