{
  "score": 0.126,
  "hard_success": 0,
  "bounced_gate_passes": 1,
  "bounced_gate_pass": [
    1,
    0,
    0,
    0
  ],
  "raw_gates_passed": 1,
  "drone_windows_passed": 1,
  "target_box_score": 0.0,
  "target_box_entered": 0,
  "safety_score": 0.0,
  "drone_crash": 1,
  "max_tilt_deg": 105.48639083743277,
  "max_action_N": 13.0,
  "final_ball_pos": [
    2.0018739691546523,
    -9.782646927000396,
    0.05996923205743517
  ],
  "final_drone_pos": [
    3.2243700333392993,
    1.2612422323742627,
    0.88058727463636
  ],
  "contacts": 160,
  "observation_mode": "partial",
  "scenario_name": "edge_initial_offsets_a",
  "policy_path": "/mnt/openfoam/pingpong-venv/progression/_staging/20260716T041926Z_policy_evolved_ci_20260716T041925Z/policy.py",
  "policy_sha256": "72762254253b8dd2212362f1f1816f5385dc0006eba017f74caa3948e93b6331",
  "phase_notes": null
}