{
  "score": 0.25020000000000003,
  "hard_success": 0,
  "bounced_gate_passes": 3,
  "bounced_gate_pass": [
    1,
    1,
    1,
    0
  ],
  "raw_gates_passed": 4,
  "drone_windows_passed": 0,
  "target_box_score": 0.0,
  "target_box_entered": 0,
  "safety_score": 0.0,
  "drone_crash": 1,
  "max_tilt_deg": 48.55311874767716,
  "max_action_N": 12.941668201624289,
  "final_ball_pos": [
    13.482836849872683,
    6.218047325360672,
    0.05995244192944208
  ],
  "final_drone_pos": [
    21.462630049943353,
    11.583046746824142,
    0.33997817431754596
  ],
  "contacts": 90,
  "observation_mode": "partial",
  "scenario_name": "nominal",
  "policy_path": "repair_work/policy_named.py",
  "policy_sha256": "5e1778704552c97ce64bd08e0818742852ce755ddcc1a9a077670368a84d9404",
  "phase_notes": null
}