{
  "score": 0.168,
  "hard_success": 0,
  "bounced_gate_passes": 2,
  "bounced_gate_pass": [
    1,
    1,
    0,
    0
  ],
  "raw_gates_passed": 2,
  "drone_windows_passed": 0,
  "target_box_score": 0.0,
  "target_box_entered": 0,
  "safety_score": 0.0,
  "drone_crash": 0,
  "max_tilt_deg": 69.44013151014981,
  "max_action_N": 13.0,
  "final_ball_pos": [
    5.946909301642714,
    4.770139659202725,
    0.05994788075961169
  ],
  "final_drone_pos": [
    5.826113777708989,
    2.8777990474857558,
    0.8625217505660374
  ],
  "contacts": 125,
  "observation_mode": "partial",
  "scenario_name": "ball_y_pos",
  "policy_path": "/mnt/openfoam/pingpong-venv/progression/_staging/20260719T193059Z_policy_v230/policy.py",
  "policy_sha256": "8d65f64ee0bb3cf066b66502f9ba8d7ecb83dd1eaea63327d01161f621925cd1",
  "phase_notes": null
}