{
  "score": 0.2646,
  "hard_success": 0,
  "bounced_gate_passes": 3,
  "bounced_gate_pass": [
    1,
    1,
    1,
    0
  ],
  "raw_gates_passed": 4,
  "drone_windows_passed": 0,
  "target_box_score": 0.0,
  "target_box_entered": 0,
  "safety_score": 0.0,
  "drone_crash": 1,
  "max_tilt_deg": 60.81158486453905,
  "max_action_N": 13.0,
  "final_ball_pos": [
    17.09935007746092,
    2.2228715470527494,
    0.05996270105838361
  ],
  "final_drone_pos": [
    7.26941918405762,
    1.5589085616344909,
    1.368730519287888
  ],
  "contacts": 20,
  "observation_mode": "partial",
  "scenario_name": "ball_x_pos",
  "policy_path": "/mnt/openfoam/pingpong-venv/progression/_staging/20260718T020854Z_policy_evolved_ci_20260718T020854Z/policy.py",
  "policy_sha256": "f38ee1bbf243c72e6eb92d01f74ed487a2ce1cbf186f0a7ddbb21268eef17883",
  "phase_notes": null
}