{
  "score": 0.20759999999999998,
  "hard_success": 0,
  "bounced_gate_passes": 2,
  "bounced_gate_pass": [
    1,
    1,
    0,
    0
  ],
  "raw_gates_passed": 2,
  "drone_windows_passed": 2,
  "target_box_score": 0.0,
  "target_box_entered": 0,
  "safety_score": 0.0,
  "drone_crash": 1,
  "max_tilt_deg": 153.9192585291056,
  "max_action_N": 12.941668201624289,
  "final_ball_pos": [
    4.132439691903409,
    2.7460331141773175,
    0.059947880555283856
  ],
  "final_drone_pos": [
    5.906052253388375,
    2.5664825127602393,
    1.6082622968226434
  ],
  "contacts": 15,
  "observation_mode": "partial",
  "scenario_name": "edge_crosswind_a",
  "policy_path": "/mnt/openfoam/pingpong-venv/progression/_staging/20260718T143102Z_policy_evolved_ci_20260718T143102Z/policy.py",
  "policy_sha256": "951a455fe2c0e87c44ff3d56b138d1f2e2d8b96bc240e6d86e8dda4ae4b8c3ae",
  "phase_notes": null
}