{
  "score": 0.13979999999999998,
  "hard_success": 0,
  "bounced_gate_passes": 1,
  "bounced_gate_pass": [
    1,
    0,
    0,
    0
  ],
  "raw_gates_passed": 3,
  "drone_windows_passed": 0,
  "target_box_score": 0.0,
  "target_box_entered": 0,
  "safety_score": 0.0,
  "drone_crash": 1,
  "max_tilt_deg": 153.8443720585145,
  "max_action_N": 13.0,
  "final_ball_pos": [
    15.686128623797105,
    5.530768374998851,
    0.05996884265652731
  ],
  "final_drone_pos": [
    5.863922777885606,
    1.8209411907948416,
    0.9096456536537569
  ],
  "contacts": 25,
  "observation_mode": "partial",
  "scenario_name": "range_424242_008",
  "policy_path": "/mnt/openfoam/pingpong-venv/progression/_staging/20260717T110804Z_policy_evolved_ci_20260717T110804Z/policy.py",
  "policy_sha256": "214372fef6c06555295e9787dd1bf6e1710ff20c51ef8fabe00df94904877e89",
  "phase_notes": null
}