{
  "score": 0.774957618291186,
  "hard_success": 0,
  "bounced_gate_passes": 4,
  "bounced_gate_pass": [
    1,
    1,
    1,
    1
  ],
  "raw_gates_passed": 4,
  "drone_windows_passed": 2,
  "target_box_score": 0.9999999999687911,
  "target_box_entered": 1,
  "safety_score": 0.0,
  "drone_crash": 1,
  "max_tilt_deg": 149.3120669601338,
  "max_action_N": 12.941668201624289,
  "final_ball_pos": [
    6.529151134951758,
    2.7585141263242514,
    0.10891543788444137
  ],
  "final_drone_pos": [
    3.2839206809953914,
    0.3767563170108804,
    1.4733889309101433
  ],
  "contacts": 15,
  "observation_mode": "partial",
  "scenario_name": "nominal",
  "policy_path": "/mnt/openfoam/pingpong-venv/progression/_staging/20260717T055320Z_policy_evolved_ci_20260717T055320Z/policy.py",
  "policy_sha256": "b6a7e7191b1c133abc6d9a8d1a2e387f722a7ae958a2ad07bfb99fb3faff3bfc",
  "phase_notes": null
}