{
  "score": 0.34836657015037126,
  "hard_success": 0,
  "bounced_gate_passes": 4,
  "bounced_gate_pass": [
    1,
    1,
    1,
    1
  ],
  "raw_gates_passed": 4,
  "drone_windows_passed": 1,
  "target_box_score": 0.0,
  "target_box_entered": 0,
  "safety_score": 0.0,
  "drone_crash": 1,
  "max_tilt_deg": 115.06606328333972,
  "max_action_N": 13.0,
  "final_ball_pos": [
    13.65670436523779,
    2.8951688294295503,
    0.05997038129859128
  ],
  "final_drone_pos": [
    5.655541046322005,
    2.4993326753003555,
    1.3396754208921733
  ],
  "contacts": 6,
  "observation_mode": "partial",
  "scenario_name": "range_424242_011",
  "policy_path": "/mnt/openfoam/pingpong-venv/progression/_staging/20260719T181936Z_policy_v230/policy.py",
  "policy_sha256": "67fd0f002ef3a64319e78fd2f07846b11a05a9911ba7b48f6f47a47a7b048726",
  "phase_notes": null
}