{
  "score": 0.39693077118411935,
  "hard_success": 0,
  "bounced_gate_passes": 2,
  "bounced_gate_pass": [
    1,
    1,
    0,
    0
  ],
  "raw_gates_passed": 3,
  "drone_windows_passed": 2,
  "target_box_score": 0.9988461864019893,
  "target_box_entered": 1,
  "safety_score": 0.0,
  "drone_crash": 0,
  "max_tilt_deg": 55.61652261867981,
  "max_action_N": 12.941668201624289,
  "final_ball_pos": [
    6.463335956875507,
    2.3757520940523422,
    0.10891543788450067
  ],
  "final_drone_pos": [
    3.0107803230765318,
    -7.674344922841985,
    1.6030895344755423
  ],
  "contacts": 5,
  "observation_mode": "partial",
  "scenario_name": "range_424242_007",
  "policy_path": "/opt/pingpong/progression/_staging/20260718T152101Z_policy_evolved_g202/policy.py",
  "policy_sha256": "3700811d2272dfd3258ea17c06e1857dab6db2bc83f5d4d1c6ec2511d4e4aeab",
  "phase_notes": null
}