{
  "score": 0.1344,
  "hard_success": 0,
  "bounced_gate_passes": 1,
  "bounced_gate_pass": [
    1,
    0,
    0,
    0
  ],
  "raw_gates_passed": 1,
  "drone_windows_passed": 0,
  "target_box_score": 0.0,
  "target_box_entered": 0,
  "safety_score": 0.0,
  "drone_crash": 1,
  "max_tilt_deg": 134.72827221179617,
  "max_action_N": 12.941668201624289,
  "final_ball_pos": [
    -2.1371792615812626,
    3.011362877193219,
    0.05995085892362967
  ],
  "final_drone_pos": [
    4.956249105979771,
    3.1406559302461323,
    2.230978778428492
  ],
  "contacts": 1,
  "observation_mode": "partial",
  "scenario_name": "edge_initial_offsets_b",
  "policy_path": "/mnt/openfoam/pingpong-venv/progression/_staging/20260717T235628Z_policy_evolved_ci_20260717T235628Z/policy.py",
  "policy_sha256": "29367b01d3c34bdb09ea40c9868f88f15fd442b3c53058c2ed239e89b4400c36",
  "phase_notes": null
}