{
  "score": 0.2646,
  "hard_success": 0,
  "bounced_gate_passes": 3,
  "bounced_gate_pass": [
    1,
    1,
    1,
    0
  ],
  "raw_gates_passed": 3,
  "drone_windows_passed": 1,
  "target_box_score": 0.0,
  "target_box_entered": 1,
  "safety_score": 0.0,
  "drone_crash": 1,
  "max_tilt_deg": 146.3417799770311,
  "max_action_N": 13.0,
  "final_ball_pos": [
    6.932894645096418,
    2.8247347973333206,
    0.10891543756942908
  ],
  "final_drone_pos": [
    3.153633539624949,
    1.4011708078139544,
    0.35956915328647443
  ],
  "contacts": 4,
  "observation_mode": "partial",
  "scenario_name": "range_424242_002",
  "policy_path": "/mnt/openfoam/pingpong-venv/progression/_staging/20260716T164450Z_policy_evolved_ci_20260716T164450Z/policy.py",
  "policy_sha256": "ffdafe1fb57764e4fd3651a12872af0e11b7cee06ec23518539d0d9737ab9fb6",
  "phase_notes": null
}