{
  "score": 0.20759999999999998,
  "hard_success": 0,
  "bounced_gate_passes": 2,
  "bounced_gate_pass": [
    1,
    1,
    0,
    0
  ],
  "raw_gates_passed": 2,
  "drone_windows_passed": 1,
  "target_box_score": 0.0,
  "target_box_entered": 0,
  "safety_score": 0.0,
  "drone_crash": 1,
  "max_tilt_deg": 174.01467833300714,
  "max_action_N": 13.0,
  "final_ball_pos": [
    7.808452970135614,
    5.343388987292177,
    0.05994788080403312
  ],
  "final_drone_pos": [
    4.21632425444651,
    2.0642428663923824,
    1.4521145721553743
  ],
  "contacts": 8,
  "observation_mode": "partial",
  "scenario_name": "range_424242_000",
  "policy_path": "/mnt/openfoam/pingpong-venv/progression/_staging/20260715T215508Z_policy_evolved_ci_20260715T185748Z/policy.py",
  "policy_sha256": "012f686e340d568aa5fc8658b05afcaa9e9a0c2607bc607e0548c35c8ed05669",
  "phase_notes": null
}