{
  "score": 0.20219999999999996,
  "hard_success": 0,
  "bounced_gate_passes": 2,
  "bounced_gate_pass": [
    1,
    1,
    0,
    0
  ],
  "raw_gates_passed": 2,
  "drone_windows_passed": 1,
  "target_box_score": 0.0,
  "target_box_entered": 0,
  "safety_score": 0.0,
  "drone_crash": 1,
  "max_tilt_deg": 151.69281237882657,
  "max_action_N": 12.941668201624289,
  "final_ball_pos": [
    7.426339420565413,
    5.387027387586323,
    0.05995618795816701
  ],
  "final_drone_pos": [
    2.5320670902582547,
    1.6884217886903548,
    1.3453458826112592
  ],
  "contacts": 3,
  "observation_mode": "partial",
  "scenario_name": "range_424242_011",
  "policy_path": "/mnt/openfoam/pingpong-venv/progression/_staging/20260714T200420Z_policy_evolved_g5/policy.py",
  "policy_sha256": "4133492de309f68d2c53e9048003c5c52972cc46e4d522fe07e6a343479388ed",
  "phase_notes": null
}