{
  "score": 0.13979999999999998,
  "hard_success": 0,
  "bounced_gate_passes": 1,
  "bounced_gate_pass": [
    1,
    0,
    0,
    0
  ],
  "raw_gates_passed": 1,
  "drone_windows_passed": 0,
  "target_box_score": 0.0,
  "target_box_entered": 0,
  "safety_score": 0.0,
  "drone_crash": 1,
  "max_tilt_deg": 91.89122934614234,
  "max_action_N": 12.941668201624289,
  "final_ball_pos": [
    2.172223660985394,
    3.845834441584332,
    0.05994788046664056
  ],
  "final_drone_pos": [
    2.597694841638024,
    1.7494681214899404,
    0.8053612360574393
  ],
  "contacts": 8,
  "observation_mode": "partial",
  "scenario_name": "range_424242_011",
  "policy_path": "/opt/pingpong/progression/_staging/20260718T175806Z_policy_evolved_g814/policy.py",
  "policy_sha256": "4bb0cdf8df156ebe743b4cf6ae9ae36553aa70a13b7f53d556babec72d70b6c6",
  "phase_notes": null
}