{
  "score": 0.14987999999999999,
  "hard_success": 0,
  "bounced_gate_passes": 1,
  "bounced_gate_pass": [
    1,
    0,
    0,
    0
  ],
  "raw_gates_passed": 1,
  "drone_windows_passed": 1,
  "target_box_score": 0.0,
  "target_box_entered": 0,
  "safety_score": 0.0,
  "drone_crash": 1,
  "max_tilt_deg": 78.10363646560967,
  "max_action_N": 13.0,
  "final_ball_pos": [
    2.7700235954473738,
    14.441470648625577,
    0.0599621990038957
  ],
  "final_drone_pos": [
    4.139324551309094,
    3.7170357208130427,
    2.7561599794126903
  ],
  "contacts": 33,
  "observation_mode": "partial",
  "scenario_name": "edge_crosswind_a",
  "policy_path": "/mnt/openfoam/pingpong-venv/repair_work/policy_v109.py",
  "policy_sha256": "1ebde33bd5926232ae5680ae056803c6fdf8adcaae6993972ceed3525407d020",
  "phase_notes": null
}