{
  "score": 0.11728309440588397,
  "hard_success": 0,
  "bounced_gate_passes": 1,
  "bounced_gate_pass": [
    1,
    0,
    0,
    0
  ],
  "raw_gates_passed": 1,
  "drone_windows_passed": 2,
  "target_box_score": 0.0,
  "target_box_entered": 0,
  "safety_score": 0.0,
  "drone_crash": 1,
  "max_tilt_deg": 143.95691778880007,
  "max_action_N": 9.202692194641076,
  "final_ball_pos": [
    2.462922168328207,
    0.26542325822864393,
    0.05994788075769956
  ],
  "final_drone_pos": [
    2.1533886415258,
    3.491752368430434,
    0.42827242398178933
  ],
  "contacts": 3,
  "observation_mode": "partial",
  "scenario_name": "low_fast",
  "policy_path": "/mnt/openfoam/pingpong-venv/progression/_staging/20260724T035857Z_policy_juggle_ok_20260723T142740Z/policy.py",
  "policy_sha256": "1f49d5806d788df388a0edffedd42f442295fb32f7940c19d214e02d7399e417",
  "phase_notes": null
}