{
  "score": 0.2730627292712057,
  "hard_success": 0,
  "bounced_gate_passes": 3,
  "bounced_gate_pass": [
    1,
    1,
    1,
    0
  ],
  "raw_gates_passed": 3,
  "drone_windows_passed": 1,
  "target_box_score": 0.0,
  "target_box_entered": 0,
  "safety_score": 0.0,
  "drone_crash": 1,
  "max_tilt_deg": 178.08297480734532,
  "max_action_N": 13.0,
  "final_ball_pos": [
    2.347840897771827,
    5.0878446871378165,
    0.05995577439228198
  ],
  "final_drone_pos": [
    3.509291844509129,
    2.968184462667109,
    0.29759659764714824
  ],
  "contacts": 5,
  "observation_mode": "partial",
  "scenario_name": "range_424242_006",
  "policy_path": "/mnt/openfoam/pingpong-venv/progression/_staging/20260714T200803Z_policy_evolved_g9/policy.py",
  "policy_sha256": "27ba2a042cd27a1bef52296639033bbac51fe3475cf5cbb496fca5d2e40c0a53",
  "phase_notes": null
}