{
  "score": 0.20759999999999998,
  "hard_success": 0,
  "bounced_gate_passes": 2,
  "bounced_gate_pass": [
    1,
    1,
    0,
    0
  ],
  "raw_gates_passed": 2,
  "drone_windows_passed": 1,
  "target_box_score": 0.0,
  "target_box_entered": 0,
  "safety_score": 0.0,
  "drone_crash": 0,
  "max_tilt_deg": 69.34587286423765,
  "max_action_N": 13.0,
  "final_ball_pos": [
    4.365333314864581,
    3.21048374776424,
    0.05994788076677327
  ],
  "final_drone_pos": [
    2.46256080292053,
    -0.4877151958813457,
    0.5539872766924866
  ],
  "contacts": 6,
  "observation_mode": "partial",
  "scenario_name": "range_424242_014",
  "policy_path": "/mnt/openfoam/pingpong-venv/progression/_staging/20260717T110804Z_policy_evolved_ci_20260717T110804Z/policy.py",
  "policy_sha256": "214372fef6c06555295e9787dd1bf6e1710ff20c51ef8fabe00df94904877e89",
  "phase_notes": null
}