{
  "score": 0.2178512495759372,
  "hard_success": 0,
  "bounced_gate_passes": 2,
  "bounced_gate_pass": [
    1,
    1,
    0,
    0
  ],
  "raw_gates_passed": 2,
  "drone_windows_passed": 1,
  "target_box_score": 0.0,
  "target_box_entered": 0,
  "safety_score": 0.0,
  "drone_crash": 1,
  "max_tilt_deg": 145.96875162462732,
  "max_action_N": 13.0,
  "final_ball_pos": [
    8.50282582961304,
    5.62130912303658,
    0.059947880274654336
  ],
  "final_drone_pos": [
    4.349556747745163,
    1.770218551054044,
    0.3551360545584769
  ],
  "contacts": 6,
  "observation_mode": "partial",
  "scenario_name": "range_424242_000",
  "policy_path": "/mnt/openfoam/pingpong-venv/progression/_staging/20260719T181936Z_policy_v230/policy.py",
  "policy_sha256": "67fd0f002ef3a64319e78fd2f07846b11a05a9911ba7b48f6f47a47a7b048726",
  "phase_notes": null
}