{
  "score": 0.3969307712655731,
  "hard_success": 0,
  "bounced_gate_passes": 2,
  "bounced_gate_pass": [
    1,
    1,
    0,
    0
  ],
  "raw_gates_passed": 3,
  "drone_windows_passed": 2,
  "target_box_score": 0.9988461877595518,
  "target_box_entered": 1,
  "safety_score": 0.0,
  "drone_crash": 0,
  "max_tilt_deg": 75.5538340618472,
  "max_action_N": 13.0,
  "final_ball_pos": [
    6.476497512876222,
    2.4023687542826684,
    0.10891543788840702
  ],
  "final_drone_pos": [
    6.565396858110079,
    2.82365328634269,
    1.7437126459478418
  ],
  "contacts": 5,
  "observation_mode": "partial",
  "scenario_name": "range_424242_007",
  "policy_path": "/mnt/openfoam/pingpong-venv/progression/_staging/20260717T110804Z_policy_evolved_ci_20260717T110804Z/policy.py",
  "policy_sha256": "214372fef6c06555295e9787dd1bf6e1710ff20c51ef8fabe00df94904877e89",
  "phase_notes": null
}