{
  "score": 0.020035060658054136,
  "hard_success": 0,
  "bounced_gate_passes": 0,
  "bounced_gate_pass": [
    0,
    0,
    0,
    0
  ],
  "raw_gates_passed": 0,
  "drone_windows_passed": 0,
  "target_box_score": 0.0,
  "target_box_entered": 0,
  "safety_score": 0.0,
  "drone_crash": 0,
  "max_tilt_deg": 74.30137686454957,
  "max_action_N": 5.790864527645492,
  "final_ball_pos": [
    1.182598504304041,
    2.4027008310097284,
    0.053366450452019126
  ],
  "final_drone_pos": [
    0.9529552818579339,
    2.23453730890246,
    0.714603847461115
  ],
  "contacts": 81,
  "observation_mode": "partial",
  "scenario_name": "range_424242_006",
  "policy_path": "/mnt/openfoam/pingpong-venv/progression/_staging/20260720T222038Z_policy_juggle_v1/policy.py",
  "policy_sha256": "6bc6fca66d22a514dfb90f7848e34d2ce0f768cc7106b68d73b94afc8f781d14",
  "phase_notes": null
}