{
  "score": 0.20112,
  "hard_success": 0,
  "bounced_gate_passes": 2,
  "bounced_gate_pass": [
    1,
    1,
    0,
    0
  ],
  "raw_gates_passed": 3,
  "drone_windows_passed": 1,
  "target_box_score": 0.0,
  "target_box_entered": 0,
  "safety_score": 0.0,
  "drone_crash": 0,
  "max_tilt_deg": 80.92181884075312,
  "max_action_N": 13.0,
  "final_ball_pos": [
    4.580078727191337,
    0.4790372711238392,
    0.059947880831707344
  ],
  "final_drone_pos": [
    6.028027725453516,
    1.6297366488915648,
    1.3697245351956464
  ],
  "contacts": 57,
  "observation_mode": "partial",
  "scenario_name": "edge_jitter_only",
  "policy_path": "/mnt/openfoam/pingpong-venv/repair_work/policy_v109.py",
  "policy_sha256": "1ebde33bd5926232ae5680ae056803c6fdf8adcaae6993972ceed3525407d020",
  "phase_notes": null
}