{
  "score": 0.20219999999999996,
  "hard_success": 0,
  "bounced_gate_passes": 2,
  "bounced_gate_pass": [
    1,
    1,
    0,
    0
  ],
  "raw_gates_passed": 3,
  "drone_windows_passed": 1,
  "target_box_score": 0.0,
  "target_box_entered": 0,
  "safety_score": 0.0,
  "drone_crash": 1,
  "max_tilt_deg": 178.3052367169841,
  "max_action_N": 13.0,
  "final_ball_pos": [
    5.209868101198286,
    3.1623468042556198,
    0.05994788076305052
  ],
  "final_drone_pos": [
    5.880124621451889,
    4.665076968334894,
    0.3005377148250569
  ],
  "contacts": 5,
  "observation_mode": "partial",
  "scenario_name": "range_424242_007",
  "policy_path": "/mnt/openfoam/pingpong-venv/progression/_staging/20260717T043509Z_policy_evolved_ci_20260717T043509Z/policy.py",
  "policy_sha256": "9a21bc6f0216acb51f41da7b23e396ab49ab4d85b2fe8448eb1ecd47b15bac95",
  "phase_notes": null
}