{
  "score": 0.20759999999999998,
  "hard_success": 0,
  "bounced_gate_passes": 2,
  "bounced_gate_pass": [
    1,
    1,
    0,
    0
  ],
  "raw_gates_passed": 2,
  "drone_windows_passed": 0,
  "target_box_score": 0.0,
  "target_box_entered": 0,
  "safety_score": 0.0,
  "drone_crash": 1,
  "max_tilt_deg": 120.25333049745049,
  "max_action_N": 13.0,
  "final_ball_pos": [
    3.011481940369445,
    0.4424328308185908,
    0.05994788080242996
  ],
  "final_drone_pos": [
    3.4479425573572615,
    0.3134495898980057,
    1.2375447391610996
  ],
  "contacts": 26,
  "observation_mode": "partial",
  "scenario_name": "range_424242_004",
  "policy_path": "/mnt/openfoam/pingpong-venv/progression/_staging/20260719T193059Z_policy_v230/policy.py",
  "policy_sha256": "8d65f64ee0bb3cf066b66502f9ba8d7ecb83dd1eaea63327d01161f621925cd1",
  "phase_notes": null
}