{
  "score": 0.20759999999999998,
  "hard_success": 0,
  "bounced_gate_passes": 2,
  "bounced_gate_pass": [
    1,
    1,
    0,
    0
  ],
  "raw_gates_passed": 3,
  "drone_windows_passed": 1,
  "target_box_score": 0.0,
  "target_box_entered": 0,
  "safety_score": 0.0,
  "drone_crash": 1,
  "max_tilt_deg": 94.82666769730425,
  "max_action_N": 12.941668201624289,
  "final_ball_pos": [
    4.463294878047926,
    2.4392488583322387,
    0.05994788075909684
  ],
  "final_drone_pos": [
    6.038758730247659,
    2.019958417621241,
    0.7016892918298511
  ],
  "contacts": 14,
  "observation_mode": "partial",
  "scenario_name": "nominal",
  "policy_path": "repair_work/policy_named.py",
  "policy_sha256": "55edc7767323a6831671af6347934f419415fec6118109ba9187ce798688efae",
  "phase_notes": null
}