{
  "score": 0.126,
  "hard_success": 0,
  "bounced_gate_passes": 1,
  "bounced_gate_pass": [
    1,
    0,
    0,
    0
  ],
  "raw_gates_passed": 1,
  "drone_windows_passed": 1,
  "target_box_score": 0.0,
  "target_box_entered": 0,
  "safety_score": 0.0,
  "drone_crash": 1,
  "max_tilt_deg": 63.13156380739942,
  "max_action_N": 13.0,
  "final_ball_pos": [
    2.5540061058440995,
    -9.714024083547818,
    0.059968563581746695
  ],
  "final_drone_pos": [
    5.896884335084719,
    -3.5835452309263722,
    1.5146273322167674
  ],
  "contacts": 159,
  "observation_mode": "partial",
  "scenario_name": "edge_initial_offsets_a",
  "policy_path": "/mnt/openfoam/pingpong-venv/progression/_staging/20260716T042938Z_policy_evolved_ci_20260716T042938Z/policy.py",
  "policy_sha256": "1925147b8b21d620cc9f1c51bddaedaf5026c7b3fef018d4257d750cbd526dcb",
  "phase_notes": null
}