{
  "score": 0.3926582923276624,
  "hard_success": 0,
  "bounced_gate_passes": 4,
  "bounced_gate_pass": [
    1,
    1,
    1,
    1
  ],
  "raw_gates_passed": 4,
  "drone_windows_passed": 0,
  "target_box_score": 0.0,
  "target_box_entered": 0,
  "safety_score": 1.0,
  "drone_crash": 0,
  "max_tilt_deg": 50.17094684477895,
  "max_action_N": 13.0,
  "final_ball_pos": [
    13.001762600043826,
    2.916476886259707,
    0.05995223583545676
  ],
  "final_drone_pos": [
    6.454609580452207,
    1.9378975641314002,
    0.7649256751160058
  ],
  "contacts": 8,
  "observation_mode": "partial",
  "scenario_name": "low_fast",
  "policy_path": "/mnt/openfoam/pingpong-venv/progression/_staging/20260715T190136Z_policy_evolved_ci_20260715T185748Z/policy.py",
  "policy_sha256": "a96d404652ea9a969d26c6dbf02e408563c10194096d89d670f3b961f1e0db0d",
  "phase_notes": null
}