{
  "score": 0.2646,
  "hard_success": 0,
  "bounced_gate_passes": 3,
  "bounced_gate_pass": [
    1,
    1,
    0,
    1
  ],
  "raw_gates_passed": 4,
  "drone_windows_passed": 0,
  "target_box_score": 0.0,
  "target_box_entered": 0,
  "safety_score": 0.9313707007943901,
  "drone_crash": 0,
  "max_tilt_deg": 66.71573248014025,
  "max_action_N": 13.0,
  "final_ball_pos": [
    20.779449444014393,
    3.670746163611175,
    0.05997054031295583
  ],
  "final_drone_pos": [
    32.46746255217588,
    5.346726750681322,
    1.3766460860979413
  ],
  "contacts": 11,
  "observation_mode": "partial",
  "scenario_name": "range_424242_008",
  "policy_path": "/mnt/openfoam/pingpong-venv/progression/_staging/20260719T171956Z_policy_remo_late_lock/policy.py",
  "policy_sha256": "2dcc97a037363793d0f488006d34b06a6dde1221860fb9f81283a1e9ecd61fe1",
  "phase_notes": null
}