{
  "score": 0.20759999999999998,
  "hard_success": 0,
  "bounced_gate_passes": 2,
  "bounced_gate_pass": [
    1,
    1,
    0,
    0
  ],
  "raw_gates_passed": 2,
  "drone_windows_passed": 0,
  "target_box_score": 0.0,
  "target_box_entered": 0,
  "safety_score": 0.0,
  "drone_crash": 0,
  "max_tilt_deg": 43.420836303149734,
  "max_action_N": 12.941668201624289,
  "final_ball_pos": [
    4.131891313227861,
    2.745304504088343,
    0.05994788054173749
  ],
  "final_drone_pos": [
    6.087900105149221,
    2.298496873077147,
    1.4118661154991297
  ],
  "contacts": 15,
  "observation_mode": "partial",
  "scenario_name": "edge_crosswind_a",
  "policy_path": "/mnt/openfoam/pingpong-venv/progression/_staging/20260715T190136Z_policy_evolved_ci_20260715T185748Z/policy.py",
  "policy_sha256": "a96d404652ea9a969d26c6dbf02e408563c10194096d89d670f3b961f1e0db0d",
  "phase_notes": null
}