{
  "score": 0.20112,
  "hard_success": 0,
  "bounced_gate_passes": 2,
  "bounced_gate_pass": [
    1,
    1,
    0,
    0
  ],
  "raw_gates_passed": 3,
  "drone_windows_passed": 0,
  "target_box_score": 0.0,
  "target_box_entered": 0,
  "safety_score": 0.0,
  "drone_crash": 1,
  "max_tilt_deg": 176.83017799909857,
  "max_action_N": 13.0,
  "final_ball_pos": [
    4.788225509031923,
    0.08074772100514829,
    0.05994788081394448
  ],
  "final_drone_pos": [
    4.780764277132905,
    2.9967048360623543,
    0.3016609400949593
  ],
  "contacts": 57,
  "observation_mode": "partial",
  "scenario_name": "edge_noise_delay6",
  "policy_path": "/mnt/openfoam/pingpong-venv/repair_work/policy_v109.py",
  "policy_sha256": "1ebde33bd5926232ae5680ae056803c6fdf8adcaae6993972ceed3525407d020",
  "phase_notes": null
}