{
  "score": 0.20664,
  "hard_success": 0,
  "bounced_gate_passes": 2,
  "bounced_gate_pass": [
    1,
    1,
    0,
    0
  ],
  "raw_gates_passed": 2,
  "drone_windows_passed": 0,
  "target_box_score": 0.0,
  "target_box_entered": 0,
  "safety_score": 0.0,
  "drone_crash": 1,
  "max_tilt_deg": 114.76015023951973,
  "max_action_N": 13.0,
  "final_ball_pos": [
    -5.909690262586363,
    -3.8067336940625665,
    0.0599653071561326
  ],
  "final_drone_pos": [
    3.785492224493917,
    1.0712382751290719,
    0.421052740803241
  ],
  "contacts": 34,
  "observation_mode": "partial",
  "scenario_name": "edge_low_fast_delay6",
  "policy_path": "/opt/pingpong/progression/_staging/20260718T152101Z_policy_evolved_g202/policy.py",
  "policy_sha256": "3700811d2272dfd3258ea17c06e1857dab6db2bc83f5d4d1c6ec2511d4e4aeab",
  "phase_notes": null
}