{
  "score": 0.214836,
  "hard_success": 0,
  "bounced_gate_passes": 2,
  "bounced_gate_pass": [
    1,
    1,
    0,
    0
  ],
  "raw_gates_passed": 2,
  "drone_windows_passed": 1,
  "target_box_score": 0.0,
  "target_box_entered": 0,
  "safety_score": 0.0,
  "drone_crash": 1,
  "max_tilt_deg": 61.580430867390604,
  "max_action_N": 13.0,
  "final_ball_pos": [
    4.136489297987272,
    2.732883389128159,
    0.05994788061368186
  ],
  "final_drone_pos": [
    3.726117935263868,
    0.07237293132295654,
    1.5821116336395442
  ],
  "contacts": 39,
  "observation_mode": "partial",
  "scenario_name": "range_424242_000",
  "policy_path": "/mnt/openfoam/pingpong-venv/progression/_staging/20260719T190202Z_policy_v230/policy.py",
  "policy_sha256": "db5c58dd5fea88b34e984774f0472d897e3ac5fc2f1ba07c9373d282d9f4fc88",
  "phase_notes": null
}