{
  "score": 0.13979999999999998,
  "hard_success": 0,
  "bounced_gate_passes": 1,
  "bounced_gate_pass": [
    1,
    0,
    0,
    0
  ],
  "raw_gates_passed": 3,
  "drone_windows_passed": 0,
  "target_box_score": 0.0,
  "target_box_entered": 0,
  "safety_score": 0.0,
  "drone_crash": 1,
  "max_tilt_deg": 131.37672110547373,
  "max_action_N": 13.0,
  "final_ball_pos": [
    0.22370360224434724,
    5.475968210014031,
    0.05995356824253766
  ],
  "final_drone_pos": [
    20.08124282841852,
    8.307749517260033,
    1.361555849790886
  ],
  "contacts": 24,
  "observation_mode": "partial",
  "scenario_name": "range_424242_008",
  "policy_path": "/opt/pingpong/progression/_staging/20260718T175806Z_policy_evolved_g814/policy.py",
  "policy_sha256": "4bb0cdf8df156ebe743b4cf6ae9ae36553aa70a13b7f53d556babec72d70b6c6",
  "phase_notes": null
}