{
  "score": 0.2646,
  "hard_success": 0,
  "bounced_gate_passes": 3,
  "bounced_gate_pass": [
    1,
    1,
    1,
    0
  ],
  "raw_gates_passed": 3,
  "drone_windows_passed": 1,
  "target_box_score": 0.0,
  "target_box_entered": 0,
  "safety_score": 0.0,
  "drone_crash": 1,
  "max_tilt_deg": 110.36911523237339,
  "max_action_N": 13.0,
  "final_ball_pos": [
    5.229602589322551,
    1.9668612252895097,
    0.059947881138832725
  ],
  "final_drone_pos": [
    8.23712326464697,
    -1.1451701414840534,
    1.6432941427696646
  ],
  "contacts": 9,
  "observation_mode": "partial",
  "scenario_name": "edge_low_fast_delay6",
  "policy_path": "/mnt/openfoam/pingpong-venv/progression/_staging/20260719T193513Z_policy_v230/policy.py",
  "policy_sha256": "a1bbc532c8be579240d1e4db699db2eaa6894503b62aa6f1f37a7deb6c2cdd3d",
  "phase_notes": null
}