{
  "score": 0.20759999999999998,
  "hard_success": 0,
  "bounced_gate_passes": 2,
  "bounced_gate_pass": [
    1,
    1,
    0,
    0
  ],
  "raw_gates_passed": 2,
  "drone_windows_passed": 0,
  "target_box_score": 0.0,
  "target_box_entered": 0,
  "safety_score": 0.0,
  "drone_crash": 1,
  "max_tilt_deg": 178.52833601924306,
  "max_action_N": 13.0,
  "final_ball_pos": [
    -1.11964050567385,
    5.802215430161823,
    0.059952745668324224
  ],
  "final_drone_pos": [
    2.0034538590856092,
    4.65191433999851,
    0.2878179309923962
  ],
  "contacts": 6,
  "observation_mode": "partial",
  "scenario_name": "range_424242_004",
  "policy_path": "/mnt/openfoam/pingpong-venv/progression/_staging/20260717T224722Z_policy_evolved_ci_20260717T224722Z/policy.py",
  "policy_sha256": "42906a434166612a3b44128beac9758d85358a35f8f942529aee454e502f2eae",
  "phase_notes": null
}