{
  "score": 0.13979999999999998,
  "hard_success": 0,
  "bounced_gate_passes": 1,
  "bounced_gate_pass": [
    1,
    0,
    0,
    0
  ],
  "raw_gates_passed": 2,
  "drone_windows_passed": 0,
  "target_box_score": 0.0,
  "target_box_entered": 0,
  "safety_score": 0.0,
  "drone_crash": 1,
  "max_tilt_deg": 121.62818623532267,
  "max_action_N": 13.0,
  "final_ball_pos": [
    17.542193028215703,
    -2.1898595825565046,
    0.0599638267424468
  ],
  "final_drone_pos": [
    1.9598125532431785,
    0.1935865466513034,
    0.3201311096382656
  ],
  "contacts": 5,
  "observation_mode": "partial",
  "scenario_name": "edge_crosswind_b",
  "policy_path": "/opt/pingpong/progression/_staging/20260718T175806Z_policy_evolved_g814/policy.py",
  "policy_sha256": "4bb0cdf8df156ebe743b4cf6ae9ae36553aa70a13b7f53d556babec72d70b6c6",
  "phase_notes": null
}