{
  "score": 0.2646,
  "hard_success": 0,
  "bounced_gate_passes": 3,
  "bounced_gate_pass": [
    1,
    1,
    1,
    0
  ],
  "raw_gates_passed": 3,
  "drone_windows_passed": 1,
  "target_box_score": 0.0,
  "target_box_entered": 0,
  "safety_score": 0.0,
  "drone_crash": 1,
  "max_tilt_deg": 177.36487570285695,
  "max_action_N": 13.0,
  "final_ball_pos": [
    4.365149367063495,
    2.161010013687171,
    0.059947880488065056
  ],
  "final_drone_pos": [
    4.468457626763065,
    2.9312469585727783,
    0.2903518417455183
  ],
  "contacts": 16,
  "observation_mode": "partial",
  "scenario_name": "edge_low_fast_delay6",
  "policy_path": "/mnt/openfoam/pingpong-venv/progression/_staging/20260719T190202Z_policy_v230/policy.py",
  "policy_sha256": "db5c58dd5fea88b34e984774f0472d897e3ac5fc2f1ba07c9373d282d9f4fc88",
  "phase_notes": null
}