{
  "score": 0.20759999999999998,
  "hard_success": 0,
  "bounced_gate_passes": 2,
  "bounced_gate_pass": [
    1,
    1,
    0,
    0
  ],
  "raw_gates_passed": 2,
  "drone_windows_passed": 0,
  "target_box_score": 0.0,
  "target_box_entered": 0,
  "safety_score": 0.0,
  "drone_crash": 1,
  "max_tilt_deg": 153.6795086537371,
  "max_action_N": 12.941668201624289,
  "final_ball_pos": [
    4.132439691903409,
    2.7460331141773175,
    0.059947880555283856
  ],
  "final_drone_pos": [
    3.7895491759608038,
    1.1800105806582277,
    0.2667719970976876
  ],
  "contacts": 15,
  "observation_mode": "partial",
  "scenario_name": "edge_crosswind_a",
  "policy_path": "/mnt/openfoam/pingpong-venv/progression/_staging/20260717T055320Z_policy_evolved_ci_20260717T055320Z/policy.py",
  "policy_sha256": "b6a7e7191b1c133abc6d9a8d1a2e387f722a7ae958a2ad07bfb99fb3faff3bfc",
  "phase_notes": null
}