{
  "score": 0.25356,
  "hard_success": 0,
  "bounced_gate_passes": 3,
  "bounced_gate_pass": [
    1,
    1,
    1,
    0
  ],
  "raw_gates_passed": 3,
  "drone_windows_passed": 0,
  "target_box_score": 0.0,
  "target_box_entered": 0,
  "safety_score": 0.0,
  "drone_crash": 1,
  "max_tilt_deg": 70.82735064384617,
  "max_action_N": 13.0,
  "final_ball_pos": [
    0.27294591857436107,
    2.7042511958570903,
    0.05995074051335222
  ],
  "final_drone_pos": [
    3.2802718457145903,
    1.7421956899360043,
    1.3798838246637755
  ],
  "contacts": 76,
  "observation_mode": "partial",
  "scenario_name": "nominal",
  "policy_path": "/mnt/openfoam/pingpong-venv/progression/_staging/20260716T040613Z_policy_evolved_ci_20260715T185748Z/policy.py",
  "policy_sha256": "d4fe19d749d7fff03e2ae9664e7a3d6102fd36b74fb9d1b1a10d38eaf1be1273",
  "phase_notes": null
}