{
  "score": 0.20112,
  "hard_success": 0,
  "bounced_gate_passes": 2,
  "bounced_gate_pass": [
    1,
    1,
    0,
    0
  ],
  "raw_gates_passed": 2,
  "drone_windows_passed": 0,
  "target_box_score": 0.0,
  "target_box_entered": 0,
  "safety_score": 1.0,
  "drone_crash": 0,
  "max_tilt_deg": 48.39530121824726,
  "max_action_N": 13.0,
  "final_ball_pos": [
    9.11204668599694,
    14.454267908300618,
    0.059984200733744365
  ],
  "final_drone_pos": [
    20.69631441980904,
    10.837955156472592,
    1.382625148529412
  ],
  "contacts": 57,
  "observation_mode": "partial",
  "scenario_name": "ball_y_pos",
  "policy_path": "/mnt/openfoam/pingpong-venv/repair_work/policy_v109.py",
  "policy_sha256": "1ebde33bd5926232ae5680ae056803c6fdf8adcaae6993972ceed3525407d020",
  "phase_notes": null
}