{
  "score": 0.2646,
  "hard_success": 0,
  "bounced_gate_passes": 3,
  "bounced_gate_pass": [
    1,
    1,
    1,
    0
  ],
  "raw_gates_passed": 4,
  "drone_windows_passed": 0,
  "target_box_score": 0.0,
  "target_box_entered": 0,
  "safety_score": 0.0,
  "drone_crash": 1,
  "max_tilt_deg": 63.10920100197795,
  "max_action_N": 13.0,
  "final_ball_pos": [
    15.465542978246487,
    3.702588012481066,
    0.05996407566864725
  ],
  "final_drone_pos": [
    11.594582951118989,
    4.120463969788204,
    1.3860913762068026
  ],
  "contacts": 11,
  "observation_mode": "partial",
  "scenario_name": "ball_x_pos",
  "policy_path": "/mnt/openfoam/pingpong-venv/progression/_staging/20260720T102234Z_policy_v230/policy.py",
  "policy_sha256": "66bb13d0bdc15b188a3d902f8d4098baf91a4e775998b007a3688fbf517eade6",
  "phase_notes": null
}