{
  "score": 0.20736000000000002,
  "hard_success": 0,
  "bounced_gate_passes": 2,
  "bounced_gate_pass": [
    1,
    1,
    0,
    0
  ],
  "raw_gates_passed": 2,
  "drone_windows_passed": 0,
  "target_box_score": 0.0,
  "target_box_entered": 0,
  "safety_score": 0.0,
  "drone_crash": 1,
  "max_tilt_deg": 110.1346442948669,
  "max_action_N": 13.0,
  "final_ball_pos": [
    -5.736314845747457,
    -3.8417750289563886,
    0.06000590834156409
  ],
  "final_drone_pos": [
    3.849379522681862,
    0.8739941910709528,
    0.38864205656330997
  ],
  "contacts": 31,
  "observation_mode": "partial",
  "scenario_name": "edge_low_fast_delay6",
  "policy_path": "/mnt/openfoam/pingpong-venv/progression/_staging/20260716T164450Z_policy_evolved_ci_20260716T164450Z/policy.py",
  "policy_sha256": "ffdafe1fb57764e4fd3651a12872af0e11b7cee06ec23518539d0d9737ab9fb6",
  "phase_notes": null
}