{
  "score": 0.274863724601083,
  "hard_success": 0,
  "bounced_gate_passes": 3,
  "bounced_gate_pass": [
    1,
    1,
    1,
    0
  ],
  "raw_gates_passed": 4,
  "drone_windows_passed": 0,
  "target_box_score": 0.0,
  "target_box_entered": 0,
  "safety_score": 1.0,
  "drone_crash": 0,
  "max_tilt_deg": 55.61652261867981,
  "max_action_N": 13.0,
  "final_ball_pos": [
    9.233402053972974,
    3.898163363607163,
    0.05994788088457806
  ],
  "final_drone_pos": [
    7.191777173890695,
    1.0466911873136073,
    1.382720021404143
  ],
  "contacts": 6,
  "observation_mode": "partial",
  "scenario_name": "range_424242_007",
  "policy_path": "/opt/pingpong/progression/_staging/20260718T175806Z_policy_evolved_g814/policy.py",
  "policy_sha256": "4bb0cdf8df156ebe743b4cf6ae9ae36553aa70a13b7f53d556babec72d70b6c6",
  "phase_notes": null
}