{
  "score": 0.5009999999998845,
  "hard_success": 0,
  "bounced_gate_passes": 3,
  "bounced_gate_pass": [
    1,
    1,
    1,
    0
  ],
  "raw_gates_passed": 4,
  "drone_windows_passed": 0,
  "target_box_score": 0.9999999999980748,
  "target_box_entered": 1,
  "safety_score": 0.0,
  "drone_crash": 1,
  "max_tilt_deg": 104.52462618021491,
  "max_action_N": 13.0,
  "final_ball_pos": [
    6.8373598175839145,
    2.6762383929505296,
    0.10891543788444141
  ],
  "final_drone_pos": [
    5.1145130996022,
    1.8593517141549374,
    0.23418652474840512
  ],
  "contacts": 28,
  "observation_mode": "partial",
  "scenario_name": "low_fast",
  "policy_path": "/mnt/openfoam/pingpong-venv/progression/_staging/20260718T143102Z_policy_evolved_ci_20260718T143102Z/policy.py",
  "policy_sha256": "951a455fe2c0e87c44ff3d56b138d1f2e2d8b96bc240e6d86e8dda4ae4b8c3ae",
  "phase_notes": null
}