{
  "score": 0.21616306050061138,
  "hard_success": 0,
  "bounced_gate_passes": 2,
  "bounced_gate_pass": [
    1,
    1,
    0,
    0
  ],
  "raw_gates_passed": 2,
  "drone_windows_passed": 0,
  "target_box_score": 0.0,
  "target_box_entered": 0,
  "safety_score": 0.0,
  "drone_crash": 1,
  "max_tilt_deg": 80.65501204945627,
  "max_action_N": 13.0,
  "final_ball_pos": [
    -0.685660680171058,
    6.959051485601744,
    0.05995245789774327
  ],
  "final_drone_pos": [
    0.5258951303092035,
    7.155284160072787,
    0.004122944227285592
  ],
  "contacts": 15,
  "observation_mode": "partial",
  "scenario_name": "range_424242_014",
  "policy_path": "/mnt/openfoam/pingpong-venv/progression/_staging/20260718T020854Z_policy_evolved_ci_20260718T020854Z/policy.py",
  "policy_sha256": "f38ee1bbf243c72e6eb92d01f74ed487a2ce1cbf186f0a7ddbb21268eef17883",
  "phase_notes": null
}