{
  "score": 0.1344,
  "hard_success": 0,
  "bounced_gate_passes": 1,
  "bounced_gate_pass": [
    1,
    0,
    0,
    0
  ],
  "raw_gates_passed": 1,
  "drone_windows_passed": 0,
  "target_box_score": 0.0,
  "target_box_entered": 0,
  "safety_score": 0.0,
  "drone_crash": 1,
  "max_tilt_deg": 134.72827221179617,
  "max_action_N": 12.941668201624289,
  "final_ball_pos": [
    -2.137179261581263,
    3.01136287719322,
    0.05995085892362967
  ],
  "final_drone_pos": [
    3.9958647198136537,
    2.432708095696255,
    2.4138430064560885
  ],
  "contacts": 1,
  "observation_mode": "partial",
  "scenario_name": "edge_initial_offsets_b",
  "policy_path": "/mnt/openfoam/pingpong-venv/progression/_staging/20260717T155828Z_policy_evolved_ci_20260717T155828Z/policy.py",
  "policy_sha256": "9ef6187dba79d89023439c19ecc4320a89a047b608538d041726c15186c1a4fb",
  "phase_notes": null
}