{
  "n_vert": 4,
  "juggle_success": true,
  "mean_vz": 1.9735490668250506,
  "n_contact": 14,
  "camera": "juggle_close",
  "fit": [
    1,
    1.9735490668250506,
    4,
    0.9845559629601345,
    -0.31452556851339464,
    -14
  ]
}