{
  "score": 0.3931364889301784,
  "hard_success": 0,
  "bounced_gate_passes": 4,
  "bounced_gate_pass": [
    1,
    1,
    1,
    1
  ],
  "raw_gates_passed": 4,
  "drone_windows_passed": 0,
  "target_box_score": 0.0,
  "target_box_entered": 0,
  "safety_score": 1.0,
  "drone_crash": 0,
  "max_tilt_deg": 50.17094684477895,
  "max_action_N": 13.0,
  "final_ball_pos": [
    13.032984744491502,
    2.4288272293981006,
    0.059951403654513825
  ],
  "final_drone_pos": [
    5.774161590806666,
    16.985280312825036,
    1.5975796004925424
  ],
  "contacts": 9,
  "observation_mode": "partial",
  "scenario_name": "low_fast",
  "policy_path": "repair_work/policy_course.py",
  "policy_sha256": "d96aef3c84a241ab79a8f0573d32738199d0d92fc616360d8536d18003cf2699",
  "phase_notes": null
}