{
  "score": 0.13979999999999998,
  "hard_success": 0,
  "bounced_gate_passes": 1,
  "bounced_gate_pass": [
    1,
    0,
    0,
    0
  ],
  "raw_gates_passed": 2,
  "drone_windows_passed": 0,
  "target_box_score": 0.0,
  "target_box_entered": 0,
  "safety_score": 0.0,
  "drone_crash": 1,
  "max_tilt_deg": 172.00225215164375,
  "max_action_N": 13.0,
  "final_ball_pos": [
    3.2334823566871513,
    3.550062930804234,
    0.05994788119587627
  ],
  "final_drone_pos": [
    3.2540793336406955,
    0.6994057564534173,
    0.4644223717000927
  ],
  "contacts": 21,
  "observation_mode": "partial",
  "scenario_name": "range_424242_013",
  "policy_path": "/mnt/openfoam/pingpong-venv/progression/_staging/20260718T143102Z_policy_evolved_ci_20260718T143102Z/policy.py",
  "policy_sha256": "951a455fe2c0e87c44ff3d56b138d1f2e2d8b96bc240e6d86e8dda4ae4b8c3ae",
  "phase_notes": null
}