{
  "score": 0.2163154808821724,
  "hard_success": 0,
  "bounced_gate_passes": 2,
  "bounced_gate_pass": [
    1,
    1,
    0,
    0
  ],
  "raw_gates_passed": 2,
  "drone_windows_passed": 1,
  "target_box_score": 0.0,
  "target_box_entered": 0,
  "safety_score": 0.0,
  "drone_crash": 1,
  "max_tilt_deg": 156.24614243761482,
  "max_action_N": 13.0,
  "final_ball_pos": [
    0.0927938016136917,
    3.428897942329646,
    0.05995286564562538
  ],
  "final_drone_pos": [
    0.5206115345838677,
    1.762419578896778,
    0.3456442183131303
  ],
  "contacts": 8,
  "observation_mode": "partial",
  "scenario_name": "range_424242_014",
  "policy_path": "/mnt/openfoam/pingpong-venv/progression/_staging/20260716T040613Z_policy_evolved_ci_20260715T185748Z/policy.py",
  "policy_sha256": "d4fe19d749d7fff03e2ae9664e7a3d6102fd36b74fb9d1b1a10d38eaf1be1273",
  "phase_notes": null
}