{
  "score": 0.20826833787726595,
  "hard_success": 0,
  "bounced_gate_passes": 2,
  "bounced_gate_pass": [
    1,
    1,
    0,
    0
  ],
  "raw_gates_passed": 2,
  "drone_windows_passed": 0,
  "target_box_score": 0.0,
  "target_box_entered": 0,
  "safety_score": 0.0,
  "drone_crash": 0,
  "max_tilt_deg": 51.908185204549746,
  "max_action_N": 13.0,
  "final_ball_pos": [
    2.87510529006519,
    6.890528509618908,
    0.05994788107773159
  ],
  "final_drone_pos": [
    3.0288053621467923,
    1.345448414414864,
    0.6984464971749937
  ],
  "contacts": 51,
  "observation_mode": "partial",
  "scenario_name": "range_424242_002",
  "policy_path": "/mnt/openfoam/pingpong-venv/progression/_staging/20260715T015539Z_policy_evolved_g497/policy.py",
  "policy_sha256": "49936842fb6d9977356c0dff7e4f9d296359a71b7b7f42861398e3fbb48bd050",
  "phase_notes": null
}