{
  "score": 0.20376,
  "hard_success": 0,
  "bounced_gate_passes": 2,
  "bounced_gate_pass": [
    1,
    1,
    0,
    0
  ],
  "raw_gates_passed": 3,
  "drone_windows_passed": 0,
  "target_box_score": 0.0,
  "target_box_entered": 0,
  "safety_score": 0.0,
  "drone_crash": 1,
  "max_tilt_deg": 84.52178743884517,
  "max_action_N": 13.0,
  "final_ball_pos": [
    4.349903134239272,
    0.37294158522166915,
    0.059947880772241544
  ],
  "final_drone_pos": [
    3.346678784092941,
    0.8288369196259089,
    1.155754933874665
  ],
  "contacts": 46,
  "observation_mode": "partial",
  "scenario_name": "range_424242_004",
  "policy_path": "/mnt/openfoam/pingpong-venv/progression/_staging/20260719T184519Z_policy_v230/policy.py",
  "policy_sha256": "f6b3cba7cbc7117a69617e6cdfb85a5328a20dc316191c23a0f6088ca81131f6",
  "phase_notes": null
}