{
  "score": 0.07229523222883773,
  "hard_success": 0,
  "bounced_gate_passes": 1,
  "bounced_gate_pass": [
    1,
    0,
    0,
    0
  ],
  "raw_gates_passed": 1,
  "drone_windows_passed": 1,
  "target_box_score": 0.0,
  "target_box_entered": 0,
  "safety_score": 0.0,
  "drone_crash": 1,
  "max_tilt_deg": 152.3857841872002,
  "max_action_N": 9.204696647187168,
  "final_ball_pos": [
    3.775176670515001,
    0.8302227774814833,
    0.05994788080771597
  ],
  "final_drone_pos": [
    -9.951081662786503,
    0.9185277441192858,
    0.42128865663398063
  ],
  "contacts": 2,
  "observation_mode": "partial",
  "scenario_name": "range_424242_013",
  "policy_path": "/mnt/openfoam/pingpong-venv/progression/_staging/20260724T035857Z_policy_juggle_ok_20260723T142740Z/policy.py",
  "policy_sha256": "1f49d5806d788df388a0edffedd42f442295fb32f7940c19d214e02d7399e417",
  "phase_notes": null
}