{
  "score": 0.20759999999999998,
  "hard_success": 0,
  "bounced_gate_passes": 2,
  "bounced_gate_pass": [
    1,
    1,
    0,
    0
  ],
  "raw_gates_passed": 4,
  "drone_windows_passed": 0,
  "target_box_score": 0.0,
  "target_box_entered": 0,
  "safety_score": 0.0,
  "drone_crash": 0,
  "max_tilt_deg": 79.29118644559429,
  "max_action_N": 12.941668201624289,
  "final_ball_pos": [
    9.99905669246702,
    0.5402852222317357,
    0.059953895179670265
  ],
  "final_drone_pos": [
    12.946738963200248,
    -13.334463118500143,
    1.3481651024963137
  ],
  "contacts": 19,
  "observation_mode": "partial",
  "scenario_name": "edge_high_slow_delay3",
  "policy_path": "/mnt/openfoam/pingpong-venv/repair_work/policy_v109.py",
  "policy_sha256": "1ebde33bd5926232ae5680ae056803c6fdf8adcaae6993972ceed3525407d020",
  "phase_notes": null
}