{
  "score": 0.1038823996153795,
  "hard_success": 0,
  "bounced_gate_passes": 1,
  "bounced_gate_pass": [
    1,
    0,
    0,
    0
  ],
  "raw_gates_passed": 1,
  "drone_windows_passed": 1,
  "target_box_score": 0.0,
  "target_box_entered": 0,
  "safety_score": 0.0,
  "drone_crash": 1,
  "max_tilt_deg": 138.34673501430916,
  "max_action_N": 9.18208107153564,
  "final_ball_pos": [
    1.7097336982014566,
    1.2142943480315949,
    0.059947880759679516
  ],
  "final_drone_pos": [
    1.2410610088981247,
    8.576748474725589,
    0.42763362667998633
  ],
  "contacts": 3,
  "observation_mode": "partial",
  "scenario_name": "ball_y_pos",
  "policy_path": "/mnt/openfoam/pingpong-venv/progression/_staging/20260724T035857Z_policy_juggle_ok_20260723T142740Z/policy.py",
  "policy_sha256": "1f49d5806d788df388a0edffedd42f442295fb32f7940c19d214e02d7399e417",
  "phase_notes": null
}