{
  "score": 0.09912928655975031,
  "hard_success": 0,
  "bounced_gate_passes": 1,
  "bounced_gate_pass": [
    1,
    0,
    0,
    0
  ],
  "raw_gates_passed": 1,
  "drone_windows_passed": 1,
  "target_box_score": 0.0,
  "target_box_entered": 0,
  "safety_score": 0.0,
  "drone_crash": 1,
  "max_tilt_deg": 165.56392936656852,
  "max_action_N": 9.899585891701545,
  "final_ball_pos": [
    3.9480812818206186,
    1.759597554944057,
    0.05994788074352837
  ],
  "final_drone_pos": [
    -2.640142832712727,
    4.627266083260899,
    0.41629836045985996
  ],
  "contacts": 4,
  "observation_mode": "partial",
  "scenario_name": "nominal",
  "policy_path": "/mnt/openfoam/pingpong-venv/progression/_staging/20260724T035857Z_policy_juggle_ok_20260723T142740Z/policy.py",
  "policy_sha256": "1f49d5806d788df388a0edffedd42f442295fb32f7940c19d214e02d7399e417",
  "phase_notes": null
}