{
  "score": 0.1344,
  "hard_success": 0,
  "bounced_gate_passes": 1,
  "bounced_gate_pass": [
    1,
    0,
    0,
    0
  ],
  "raw_gates_passed": 1,
  "drone_windows_passed": 0,
  "target_box_score": 0.0,
  "target_box_entered": 0,
  "safety_score": 0.0,
  "drone_crash": 1,
  "max_tilt_deg": 134.71856569269232,
  "max_action_N": 12.941668201624289,
  "final_ball_pos": [
    -2.1371792615812635,
    3.0113628771932204,
    0.05995085892362967
  ],
  "final_drone_pos": [
    4.0976631756461845,
    2.3539654789117748,
    2.414467042290043
  ],
  "contacts": 1,
  "observation_mode": "partial",
  "scenario_name": "edge_initial_offsets_b",
  "policy_path": "/mnt/openfoam/pingpong-venv/progression/_staging/20260715T215125Z_policy_evolved_ci_20260715T185748Z/policy.py",
  "policy_sha256": "8c1c5038fb5d9ec04fbb25019c2925a1cdc0fa1d89bfad3bbc8474564cef8aff",
  "phase_notes": null
}