{
  "score": 0.2646,
  "hard_success": 0,
  "bounced_gate_passes": 3,
  "bounced_gate_pass": [
    1,
    1,
    1,
    0
  ],
  "raw_gates_passed": 3,
  "drone_windows_passed": 1,
  "target_box_score": 0.0,
  "target_box_entered": 0,
  "safety_score": 0.0,
  "drone_crash": 1,
  "max_tilt_deg": 152.28416170119868,
  "max_action_N": 13.0,
  "final_ball_pos": [
    1.3845970509340355,
    4.210535867589465,
    0.059955555735847585
  ],
  "final_drone_pos": [
    4.521625350655055,
    1.0636732891137506,
    0.3483198381724713
  ],
  "contacts": 6,
  "observation_mode": "partial",
  "scenario_name": "range_424242_006",
  "policy_path": "/mnt/openfoam/pingpong-venv/progression/_staging/20260716T035214Z_policy_evolved_ci_20260715T185748Z/policy.py",
  "policy_sha256": "57d90abce68b974106451260f5d1af1d782bba9bd23e67109f95c6225d89434f",
  "phase_notes": null
}