{
  "score": 0.2646,
  "hard_success": 0,
  "bounced_gate_passes": 3,
  "bounced_gate_pass": [
    1,
    1,
    1,
    0
  ],
  "raw_gates_passed": 4,
  "drone_windows_passed": 0,
  "target_box_score": 0.0,
  "target_box_entered": 0,
  "safety_score": 0.8423194146309021,
  "drone_crash": 0,
  "max_tilt_deg": 68.94201463422745,
  "max_action_N": 13.0,
  "final_ball_pos": [
    9.961193147120525,
    7.841486390248479,
    0.059964228571519736
  ],
  "final_drone_pos": [
    9.479420157244867,
    0.23231406220977824,
    1.3782221954406604
  ],
  "contacts": 14,
  "observation_mode": "partial",
  "scenario_name": "range_424242_010",
  "policy_path": "/mnt/openfoam/pingpong-venv/progression/_staging/20260716T164450Z_policy_evolved_ci_20260716T164450Z/policy.py",
  "policy_sha256": "ffdafe1fb57764e4fd3651a12872af0e11b7cee06ec23518539d0d9737ab9fb6",
  "phase_notes": null
}