{
  "score": 0.2646,
  "hard_success": 0,
  "bounced_gate_passes": 3,
  "bounced_gate_pass": [
    1,
    1,
    1,
    0
  ],
  "raw_gates_passed": 4,
  "drone_windows_passed": 0,
  "target_box_score": 0.0,
  "target_box_entered": 0,
  "safety_score": 0.845379668201818,
  "drone_crash": 0,
  "max_tilt_deg": 68.86550829495455,
  "max_action_N": 13.0,
  "final_ball_pos": [
    10.041195655249648,
    7.900235496752338,
    0.059965027990259906
  ],
  "final_drone_pos": [
    9.47005867539489,
    0.23335372028351145,
    1.3783706545076158
  ],
  "contacts": 16,
  "observation_mode": "partial",
  "scenario_name": "range_424242_010",
  "policy_path": "/mnt/openfoam/pingpong-venv/progression/_staging/20260717T055320Z_policy_evolved_ci_20260717T055320Z/policy.py",
  "policy_sha256": "b6a7e7191b1c133abc6d9a8d1a2e387f722a7ae958a2ad07bfb99fb3faff3bfc",
  "phase_notes": null
}