{
  "score": 0.126,
  "hard_success": 0,
  "bounced_gate_passes": 1,
  "bounced_gate_pass": [
    1,
    0,
    0,
    0
  ],
  "raw_gates_passed": 1,
  "drone_windows_passed": 2,
  "target_box_score": 0.0,
  "target_box_entered": 0,
  "safety_score": 0.0,
  "drone_crash": 1,
  "max_tilt_deg": 64.75211165097757,
  "max_action_N": 13.0,
  "final_ball_pos": [
    2.6000909258073492,
    -9.689675233721456,
    0.05996845338762201
  ],
  "final_drone_pos": [
    4.611429005695796,
    1.3242323989310623,
    2.2115064568544014
  ],
  "contacts": 158,
  "observation_mode": "partial",
  "scenario_name": "edge_initial_offsets_a",
  "policy_path": "/mnt/openfoam/pingpong-venv/progression/_staging/20260718T000609Z_policy_evolved_ci_20260718T000608Z/policy.py",
  "policy_sha256": "71d3d7232ee3b81d85e540c57e00488dcf7225f336ca7eecae1a31cef5b08f2c",
  "phase_notes": null
}