{
  "score": 0.09351467668067248,
  "hard_success": 0,
  "bounced_gate_passes": 1,
  "bounced_gate_pass": [
    0,
    1,
    0,
    0
  ],
  "raw_gates_passed": 1,
  "drone_windows_passed": 2,
  "target_box_score": 0.0,
  "target_box_entered": 0,
  "safety_score": 0.0,
  "drone_crash": 1,
  "max_tilt_deg": 178.0508579909282,
  "max_action_N": 9.871426343928002,
  "final_ball_pos": [
    0.354081777583934,
    2.9518391396968533,
    0.05996547967663016
  ],
  "final_drone_pos": [
    12.652352292699202,
    7.505589501708281,
    0.2593385821648973
  ],
  "contacts": 4,
  "observation_mode": "partial",
  "scenario_name": "range_424242_009",
  "policy_path": "/mnt/openfoam/pingpong-venv/progression/_staging/20260724T035857Z_policy_juggle_ok_20260723T142740Z/policy.py",
  "policy_sha256": "1f49d5806d788df388a0edffedd42f442295fb32f7940c19d214e02d7399e417",
  "phase_notes": null
}