{
  "score": 0.20954787723403395,
  "hard_success": 0,
  "bounced_gate_passes": 2,
  "bounced_gate_pass": [
    1,
    1,
    0,
    0
  ],
  "raw_gates_passed": 2,
  "drone_windows_passed": 1,
  "target_box_score": 0.0,
  "target_box_entered": 0,
  "safety_score": 0.0,
  "drone_crash": 1,
  "max_tilt_deg": 174.59239080245996,
  "max_action_N": 12.941668201624289,
  "final_ball_pos": [
    7.390487574649609,
    4.951979584746623,
    0.05995791056494844
  ],
  "final_drone_pos": [
    8.411083785783003,
    8.511591219612644,
    1.4911259066244722
  ],
  "contacts": 3,
  "observation_mode": "partial",
  "scenario_name": "range_424242_011",
  "policy_path": "/mnt/openfoam/pingpong-venv/progression/_staging/20260715T215508Z_policy_evolved_ci_20260715T185748Z/policy.py",
  "policy_sha256": "012f686e340d568aa5fc8658b05afcaa9e9a0c2607bc607e0548c35c8ed05669",
  "phase_notes": null
}