{
  "score": 0.5009999999998519,
  "hard_success": 0,
  "bounced_gate_passes": 3,
  "bounced_gate_pass": [
    1,
    1,
    1,
    0
  ],
  "raw_gates_passed": 4,
  "drone_windows_passed": 0,
  "target_box_score": 0.9999999999975313,
  "target_box_entered": 1,
  "safety_score": 0.0,
  "drone_crash": 1,
  "max_tilt_deg": 104.26768975598338,
  "max_action_N": 13.0,
  "final_ball_pos": [
    6.754067451997316,
    2.6943316302975053,
    0.10891543788444139
  ],
  "final_drone_pos": [
    4.504759702794257,
    0.8156692007050584,
    0.3589098471943738
  ],
  "contacts": 28,
  "observation_mode": "partial",
  "scenario_name": "low_fast",
  "policy_path": "/mnt/openfoam/pingpong-venv/progression/_staging/20260716T164450Z_policy_evolved_ci_20260716T164450Z/policy.py",
  "policy_sha256": "ffdafe1fb57764e4fd3651a12872af0e11b7cee06ec23518539d0d9737ab9fb6",
  "phase_notes": null
}