{
  "raw_score_100": 19.29550679320724,
  "mean_bg": 2.0,
  "mean_win": 0.5714285714285714,
  "hard_rate": 0.0,
  "crash_rate": null,
  "nominal_bg": 4,
  "nominal_sc": 0.7744088297748335,
  "nominal_win": null,
  "name": "policy_evolved_ci_20260716T042938Z",
  "path": "/opt/pingpong/repair_work/policy_evolved_ci_20260716T042938Z.py",
  "stamp": "20260716T042938Z",
  "note": "ci mech cycle tag=rng_mech_1",
  "hist": {
    "1": 7,
    "2": 15,
    "3": 5,
    "4": 1
  },
  "n_bg1": 7,
  "n_bg2_plus": 21,
  "n_bg3_plus": 6,
  "theta": {
    "quiet_ym_hot": 0.8682255005676511,
    "quiet_vy_hot": 2.289412944901186,
    "quiet_ym_mod": 0.5502061838909239,
    "quiet_mod_dt": 0.07840490107868801,
    "race_ym_arm": 0.7268679106530013,
    "race_meet_back": 0.4976760038440201,
    "race_far_y": 0.26470603431423484,
    "race_dxy_lo": 0.06,
    "race_dxy_hi": 0.6586976289052761,
    "race_far_off": 0.040574465569495066,
    "race_mix": 49.70690182639539,
    "race_ty_far": 0.8044785837121229,
    "race_ty_vy": 0.7746109021729634,
    "race_ty_g": 0.4184377003922424,
    "race_sep": 0.4126039250054476,
    "race_bvz_max": 1.6648288735952224,
    "coast_after_contact": 0.4448535548863865,
    "early_tip_mix": 30.196234515766545,
    "early_tip_ty_far": 0.7697951686973045,
    "early_tip_ty_vy": 0.3249543647096565,
    "band2_tend_base": 0.8883223333005917,
    "band2_tend_span": 0.01285213016983205,
    "b1_ym": 0.9046155522646308,
    "b1_vy_max": 1.9502608072193333,
    "b1_by_min": 0.12611369999187508,
    "b1_t0": 0.5006234287517138,
    "b1_t1": 0.5796200187311379,
    "cold_ym_lo": 1.2,
    "cold_ym_hi": 1.25,
    "cold_ym_mid": 0.771077151091583,
    "cold_ym_mid_hi": 1.05,
    "cold_ym": 0.771077151091583,
    "cold_vy_max": 1.170512444468784,
    "cold_by_abs_max": 0.8765191862422826,
    "cold_t0": 0.5398475096810477,
    "cold_t1": 0.7124173605689329,
    "cold_tend": 0.9113292570196927,
    "cold_inside": 0.1742851454580974,
    "lag_chase_x": 0.3022645139797808,
    "lag_chase_z": 0.0608827125128754,
    "lag_dz_lo": -0.03607635336167482,
    "lag_dxy_hi_cap": 0.3289193072521252,
    "lag_up": 0.1803199230606596,
    "lag_mix_boost": 16.223964001316737,
    "lag_arm_bx": 1.8817705727086866,
    "lag_behind_eps": 0.05665338449609079,
    "hot_far_soft": -0.17350408751775936
  },
  "q25": 0.18273
}