{
  "raw_score_100": 19.625151368318928,
  "mean_bg": 2.107142857142857,
  "mean_win": 0.21428571428571427,
  "crash_rate": 0.0,
  "nominal_bg": 4,
  "nominal_win": 0,
  "nominal_sc": 0.7119791936779466,
  "name": "policy_evolved_g886",
  "path": "/mnt/openfoam/pingpong-venv/repair_work/policy_evolved_g886.py",
  "stamp": "20260715T062100Z",
  "note": "evolve_volley CEM install",
  "hist": {
    "1": 7,
    "2": 14,
    "3": 4,
    "4": 3
  },
  "theta": {
    "quiet_ym_hot": 0.8682255005676511,
    "quiet_vy_hot": 2.289412944901186,
    "quiet_ym_mod": 0.5502061838909239,
    "quiet_mod_dt": 0.07840490107868801,
    "race_ym_arm": 0.7268679106530013,
    "race_meet_back": 0.488319533971336,
    "race_far_y": 0.26470603431423484,
    "race_dxy_lo": 0.12825589980364022,
    "race_dxy_hi": 0.6586976289052761,
    "race_far_off": 0.040543927331345236,
    "race_mix": 51.680694315843155,
    "race_ty_far": 0.8044785837121229,
    "race_ty_vy": 0.7746109021729634,
    "race_ty_g": 0.4184377003922424,
    "race_sep": 0.4126039250054476,
    "coast_after_contact": 0.4448535548863865,
    "early_tip_mix": 30.196234515766545,
    "early_tip_ty_far": 0.7697951686973045,
    "early_tip_ty_vy": 0.3249543647096565,
    "band2_tend_base": 0.8883223333005917,
    "band2_tend_span": 0.01285213016983205,
    "b1_ym": 0.9046155522646308,
    "b1_vy_max": 1.9502608072193333,
    "b1_by_min": 0.12611369999187508,
    "b1_t0": 0.5006234287517138,
    "b1_t1": 0.5796200187311379,
    "cold_ym": 0.771077151091583,
    "cold_vy_max": 1.170512444468784,
    "cold_by_abs_max": 0.8765191862422826,
    "cold_t0": 0.5398475096810477,
    "cold_t1": 0.7124173605689329,
    "cold_tend": 0.9113292570196927,
    "cold_inside": 0.1742851454580974
  }
}