{
  "raw_score_100": 19.865961608232926,
  "mean_bg": 2.0357142857142856,
  "mean_win": 0.5,
  "hard_rate": 0.0,
  "crash_rate": 0.0,
  "nominal_bg": 4,
  "nominal_win": 0,
  "nominal_sc": 0.7973842854966342,
  "name": "policy_evolved_g202",
  "path": "/mnt/openfoam/pingpong-venv/repair_work/policy_evolved_g202.py",
  "stamp": "20260718T152101Z",
  "note": "evolve_volley window-gate install",
  "hist": {
    "1": 7,
    "2": 14,
    "3": 6,
    "4": 1
  },
  "n_bg2_plus": 21,
  "n_bg3_plus": 7,
  "theta": {
    "quiet_ym_hot": 0.8779740591213978,
    "quiet_vy_hot": 2.292291555448892,
    "quiet_ym_mod": 0.5498313542566041,
    "quiet_mod_dt": 0.07684991127365096,
    "race_ym_arm": 0.7268679106530013,
    "race_meet_back": 0.4945855831703099,
    "race_far_y": 0.2708239806385928,
    "race_dxy_lo": 0.10627350055112586,
    "race_dxy_hi": 0.6355123246190832,
    "race_far_off": 0.010251476642843066,
    "race_mix": 45.954418759189686,
    "race_ty_far": 0.7899250683593327,
    "race_ty_vy": 0.7542860120088979,
    "race_ty_g": 0.4793330107548748,
    "race_sep": 0.44337908457437203,
    "race_bvz_max": 1.9561217259037662,
    "lag_chase_x": 0.22,
    "lag_chase_z": 0.1,
    "lag_dz_lo": 0.02,
    "lag_dxy_hi_cap": 0.34,
    "lag_up": 0.1,
    "lag_mix_boost": 8.0,
    "lag_arm_bx": 1.7,
    "lag_behind_eps": 0.05,
    "hot_far_soft": -0.12,
    "coast_after_contact": 0.44830288989052824,
    "early_tip_mix": 29.901937257274284,
    "early_tip_ty_far": 0.7611890472904408,
    "early_tip_ty_vy": 0.3249543647096565,
    "band2_tend_base": 0.8947426147711127,
    "band2_tend_span": 0.01553440735297254,
    "b1_ym": 0.890119477858443,
    "b1_vy_max": 1.9546718458708814,
    "b1_by_min": 0.13587524016147484,
    "b1_t0": 0.4908093696605533,
    "b1_t1": 0.5748630625226736,
    "cold_ym_lo": 0.9058110167930564,
    "cold_ym_hi": 0.9961407311048043,
    "cold_ym_mid": 0.7677698548032095,
    "cold_ym_mid_hi": 1.0370887069515944,
    "cold_ym": 0.7677698548032095,
    "cold_vy_max": 1.1678162797969789,
    "cold_by_abs_max": 0.8485848779460808,
    "cold_t0": 0.5391957881485763,
    "cold_t1": 0.7109707402981962,
    "cold_tend": 0.9151507151333937,
    "cold_inside": 0.1742851454580974,
    "launch1_tx": -0.1,
    "launch1_ty": 0.20668423533793084,
    "launch2_scale": 1.0,
    "launch2_tx": 0.004345599835870263,
    "launch2_ty": 0.05,
    "race_lim_span": 0.39751747146212096,
    "dive_vz_kp": 4.458051584526039,
    "dive_vz_kd": 1.3623251839096557,
    "dive_vz_max_down": -5.904918650188681,
    "launch2_proj_tau": 0.23507375664357358,
    "launch2_proj_scale": 0.610740752767632
  }
}