{
  "conf": {
    "name": "w10.05_w20.06_y10.30_y20.50_b0.50_t10.90_t20.90",
    "wait_g1": 0.05,
    "wait_g2": 0.06,
    "x_lo_g1": 0.1,
    "x_lo_g2": 0.14,
    "y_g1": 0.3,
    "y_g2": 0.5,
    "blend": 0.5,
    "ty_g1": 0.9,
    "ty_g2": 0.9
  },
  "raw_score_100": 15.844899509236447,
  "mean": 0.1963216584872741,
  "q25": 0.1452,
  "mean_bg": 1.7857142857142858,
  "mean_win": 0.10714285714285714,
  "crash_rate": 0.75,
  "nominal_bg": 3,
  "nominal_win": 0,
  "nominal_sc": 0.2646,
  "count": 28,
  "stamp": "20260714T122357Z",
  "path": "/mnt/openfoam/pingpong-venv/repair_work/policy_logic_w1005_w2006_y1030_y2050_b050_t1090_t2090.py"
}