{
  "conf": {
    "name": "w10.05_w20.10_y10.30_y20.50_b0.55_t10.95_t20.95",
    "wait_g1": 0.05,
    "wait_g2": 0.1,
    "x_lo_g1": 0.1,
    "x_lo_g2": 0.14,
    "y_g1": 0.3,
    "y_g2": 0.5,
    "blend": 0.55,
    "ty_g1": 0.95,
    "ty_g2": 0.95
  },
  "raw_score_100": 15.869889386787467,
  "mean": 0.19673815644645778,
  "q25": 0.1452,
  "mean_bg": 1.7857142857142858,
  "mean_win": 0.14285714285714285,
  "crash_rate": 0.6428571428571429,
  "nominal_bg": 3,
  "nominal_win": 0,
  "nominal_sc": 0.2646,
  "count": 28,
  "stamp": "20260714T113159Z",
  "path": "/mnt/openfoam/pingpong-venv/repair_work/policy_logic_w1005_w2010_y1030_y2050_b055_t1095_t2095.py"
}