{
  "conf": {
    "name": "g1y0.35_g2y0.48_t10.95_t20.90_sc0.30_ss0.28",
    "y_g1": 0.35,
    "y_g2": 0.48,
    "ty_g1": 0.95,
    "ty_g2": 0.9,
    "sep_c": 0.3,
    "sep_s": 0.28
  },
  "raw_score_100": 16.710888267321682,
  "mean": 0.21075480445536138,
  "q25": 0.1452,
  "mean_bg": 1.7857142857142858,
  "mean_win": 0.10714285714285714,
  "crash_rate": 0.7142857142857143,
  "nominal_bg": 4,
  "nominal_win": 0,
  "nominal_sc": 0.7119791936779466,
  "count": 28,
  "stamp": "20260714T081033Z",
  "path": "/mnt/openfoam/pingpong-venv/repair_work/policy_logic_g1y035_g2y048_t1095_t2090_sc030_ss028.py"
}