{
  "conf": {
    "name": "g1y0.35_g2y0.56_t11.05_t20.70_sc0.26_ss0.24",
    "y_g1": 0.35,
    "y_g2": 0.56,
    "ty_g1": 1.05,
    "ty_g2": 0.7,
    "sep_c": 0.26,
    "sep_s": 0.24
  },
  "raw_score_100": 16.677101944668777,
  "mean": 0.21019169907781302,
  "q25": 0.1452,
  "mean_bg": 1.7857142857142858,
  "mean_win": 0.10714285714285714,
  "crash_rate": 0.7142857142857143,
  "nominal_bg": 4,
  "nominal_win": 0,
  "nominal_sc": 0.7119791936779466,
  "count": 28,
  "stamp": "20260714T093438Z",
  "path": "/mnt/openfoam/pingpong-venv/repair_work/policy_logic_g1y035_g2y056_t1105_t2070_sc026_ss024.py"
}