{
  "conf": {
    "name": "g1y0.40_g2y0.56_t11.05_t20.90_sc0.26_ss0.28",
    "y_g1": 0.4,
    "y_g2": 0.56,
    "ty_g1": 1.05,
    "ty_g2": 0.9,
    "sep_c": 0.26,
    "sep_s": 0.28
  },
  "raw_score_100": 16.687094800031744,
  "mean": 0.21035824666719574,
  "q25": 0.1452,
  "mean_bg": 1.7857142857142858,
  "mean_win": 0.14285714285714285,
  "crash_rate": 0.6785714285714286,
  "nominal_bg": 4,
  "nominal_win": 0,
  "nominal_sc": 0.7119791936779466,
  "count": 28,
  "stamp": "20260714T084523Z",
  "path": "/mnt/openfoam/pingpong-venv/repair_work/policy_logic_g1y040_g2y056_t1105_t2090_sc026_ss028.py"
}