{
  "conf": {
    "name": "g1y0.45_g2y0.56_t10.85_t20.80_sc0.22_ss0.28",
    "y_g1": 0.45,
    "y_g2": 0.56,
    "ty_g1": 0.85,
    "ty_g2": 0.8,
    "sep_c": 0.22,
    "sep_s": 0.28
  },
  "raw_score_100": 16.686616230383066,
  "mean": 0.21035027050638444,
  "q25": 0.1452,
  "mean_bg": 1.7857142857142858,
  "mean_win": 0.14285714285714285,
  "crash_rate": 0.6428571428571429,
  "nominal_bg": 4,
  "nominal_win": 0,
  "nominal_sc": 0.7119791936779466,
  "count": 28,
  "stamp": "20260714T093420Z",
  "path": "/mnt/openfoam/pingpong-venv/repair_work/policy_logic_g1y045_g2y056_t1085_t2080_sc022_ss028.py"
}