{
  "conf": {
    "name": "w10.05_w20.08_y10.32_y20.46_b0.60_t11.00_t20.95",
    "wait_g1": 0.05,
    "wait_g2": 0.08,
    "x_lo_g1": 0.1,
    "x_lo_g2": 0.14,
    "y_g1": 0.32,
    "y_g2": 0.46,
    "blend": 0.6,
    "ty_g1": 1.0,
    "ty_g2": 0.95
  },
  "raw_score_100": 16.82511143927286,
  "mean": 0.21265852398788096,
  "q25": 0.1452,
  "mean_bg": 1.8214285714285714,
  "mean_win": 0.10714285714285714,
  "crash_rate": 0.7142857142857143,
  "nominal_bg": 4,
  "nominal_win": 0,
  "nominal_sc": 0.7119791936779466,
  "count": 28,
  "stamp": "20260714T123916Z",
  "path": "/mnt/openfoam/pingpong-venv/repair_work/policy_logic_w1005_w2008_y1032_y2046_b060_t1100_t2095.py"
}