{
  "conf": {
    "name": "g1y0.45_g2y0.48_t10.85_t20.80_sc0.22_ss0.24",
    "y_g1": 0.45,
    "y_g2": 0.48,
    "ty_g1": 0.85,
    "ty_g2": 0.8,
    "sep_c": 0.22,
    "sep_s": 0.24
  },
  "raw_score_100": 16.685073373240208,
  "mean": 0.21032455622067017,
  "q25": 0.1452,
  "mean_bg": 1.7857142857142858,
  "mean_win": 0.10714285714285714,
  "crash_rate": 0.5714285714285714,
  "nominal_bg": 4,
  "nominal_win": 0,
  "nominal_sc": 0.7119791936779466,
  "count": 28,
  "stamp": "20260714T073951Z",
  "path": "/mnt/openfoam/pingpong-venv/repair_work/policy_logic_g1y045_g2y048_t1085_t2080_sc022_ss024.py"
}