{
  "conf": {
    "name": "g1y0.50_g2y0.60_t11.05_t20.90_sc0.26_ss0.20",
    "y_g1": 0.5,
    "y_g2": 0.6,
    "ty_g1": 1.05,
    "ty_g2": 0.9,
    "sep_c": 0.26,
    "sep_s": 0.2
  },
  "raw_score_100": 16.685587658954496,
  "mean": 0.21033312764924159,
  "q25": 0.1452,
  "mean_bg": 1.7857142857142858,
  "mean_win": 0.14285714285714285,
  "crash_rate": 0.6785714285714286,
  "nominal_bg": 4,
  "nominal_win": 0,
  "nominal_sc": 0.7119791936779466,
  "count": 28,
  "stamp": "20260714T072344Z",
  "path": "/mnt/openfoam/pingpong-venv/repair_work/policy_logic_g1y050_g2y060_t1105_t2090_sc026_ss020.py"
}