{
  "conf": {
    "name": "g1y0.35_g2y0.56_t10.95_t20.80_sc0.22_ss0.20",
    "y_g1": 0.35,
    "y_g2": 0.56,
    "ty_g1": 0.95,
    "ty_g2": 0.8,
    "sep_c": 0.22,
    "sep_s": 0.2
  },
  "raw_score_100": 16.683016230383068,
  "mean": 0.21029027050638446,
  "q25": 0.1452,
  "mean_bg": 1.7857142857142858,
  "mean_win": 0.17857142857142858,
  "crash_rate": 0.6428571428571429,
  "nominal_bg": 4,
  "nominal_win": 0,
  "nominal_sc": 0.7119791936779466,
  "count": 28,
  "stamp": "20260714T082705Z",
  "path": "/mnt/openfoam/pingpong-venv/repair_work/policy_logic_g1y035_g2y056_t1095_t2080_sc022_ss020.py"
}