{
  "conf": {
    "name": "g1y0.50_g2y0.56_t11.05_t20.80_sc0.22_ss0.28",
    "y_g1": 0.5,
    "y_g2": 0.56,
    "ty_g1": 1.05,
    "ty_g2": 0.8,
    "sep_c": 0.22,
    "sep_s": 0.28
  },
  "raw_score_100": 16.621471658954494,
  "mean": 0.2098945276492416,
  "q25": 0.14384999999999998,
  "mean_bg": 1.7857142857142858,
  "mean_win": 0.17857142857142858,
  "crash_rate": 0.5714285714285714,
  "nominal_bg": 4,
  "nominal_win": 0,
  "nominal_sc": 0.7119791936779466,
  "count": 28,
  "stamp": "20260714T075401Z",
  "path": "/mnt/openfoam/pingpong-venv/repair_work/policy_logic_g1y050_g2y056_t1105_t2080_sc022_ss028.py"
}