{
  "conf": {
    "name": "g1y0.45_g2y0.48_t10.95_t20.70_sc0.30_ss0.20",
    "y_g1": 0.45,
    "y_g2": 0.48,
    "ty_g1": 0.95,
    "ty_g2": 0.7,
    "sep_c": 0.3,
    "sep_s": 0.2
  },
  "raw_score_100": 16.631318760995324,
  "mean": 0.20998004601658857,
  "q25": 0.14401842857142882,
  "mean_bg": 1.7857142857142858,
  "mean_win": 0.10714285714285714,
  "crash_rate": 0.6785714285714286,
  "nominal_bg": 4,
  "nominal_win": 0,
  "nominal_sc": 0.7119791936779466,
  "count": 28,
  "stamp": "20260714T075456Z",
  "path": "/mnt/openfoam/pingpong-venv/repair_work/policy_logic_g1y045_g2y048_t1095_t2070_sc030_ss020.py"
}