{
  "conf": {
    "name": "w10.04_w20.08_y10.32_y20.50_b0.60_t11.00_t20.90",
    "wait_g1": 0.04,
    "wait_g2": 0.08,
    "x_lo_g1": 0.1,
    "x_lo_g2": 0.14,
    "y_g1": 0.32,
    "y_g2": 0.5,
    "blend": 0.6,
    "ty_g1": 1.0,
    "ty_g2": 0.9
  },
  "raw_score_100": 16.830616230383065,
  "mean": 0.21275027050638443,
  "q25": 0.1452,
  "mean_bg": 1.8214285714285714,
  "mean_win": 0.14285714285714285,
  "crash_rate": 0.7142857142857143,
  "nominal_bg": 4,
  "nominal_win": 0,
  "nominal_sc": 0.7119791936779466,
  "count": 28,
  "stamp": "20260714T120632Z",
  "path": "/mnt/openfoam/pingpong-venv/repair_work/policy_logic_w1004_w2008_y1032_y2050_b060_t1100_t2090.py"
}