{
  "conf": {
    "name": "w10.04_w20.06_y10.32_y20.48_b0.55_t10.95_t20.85",
    "wait_g1": 0.04,
    "wait_g2": 0.06,
    "x_lo_g1": 0.1,
    "x_lo_g2": 0.14,
    "y_g1": 0.32,
    "y_g2": 0.48,
    "blend": 0.55,
    "ty_g1": 0.95,
    "ty_g2": 0.85
  },
  "raw_score_100": 16.830616230383065,
  "mean": 0.21275027050638443,
  "q25": 0.1452,
  "mean_bg": 1.8214285714285714,
  "mean_win": 0.14285714285714285,
  "crash_rate": 0.7142857142857143,
  "nominal_bg": 4,
  "nominal_win": 0,
  "nominal_sc": 0.7119791936779466,
  "count": 28,
  "stamp": "20260714T134635Z",
  "path": "/mnt/openfoam/pingpong-venv/repair_work/policy_logic_w1004_w2006_y1032_y2048_b055_t1095_t2085.py"
}