{
  "conf": {
    "name": "w10.06_w20.08_y10.34_y20.50_b0.60_t10.95_t20.90",
    "wait_g1": 0.06,
    "wait_g2": 0.08,
    "x_lo_g1": 0.1,
    "x_lo_g2": 0.14,
    "y_g1": 0.34,
    "y_g2": 0.5,
    "blend": 0.6,
    "ty_g1": 0.95,
    "ty_g2": 0.9
  },
  "raw_score_100": 16.674016230383064,
  "mean": 0.21014027050638445,
  "q25": 0.1452,
  "mean_bg": 1.7857142857142858,
  "mean_win": 0.10714285714285714,
  "crash_rate": 0.6785714285714286,
  "nominal_bg": 4,
  "nominal_win": 0,
  "nominal_sc": 0.7119791936779466,
  "count": 28,
  "stamp": "20260714T123952Z",
  "path": "/mnt/openfoam/pingpong-venv/repair_work/policy_logic_w1006_w2008_y1034_y2050_b060_t1095_t2090.py"
}