{
  "conf": {
    "name": "g1y0.50_g2y0.60_t10.85_t20.80_sc0.30_ss0.24",
    "y_g1": 0.5,
    "y_g2": 0.6,
    "ty_g1": 0.85,
    "ty_g2": 0.8,
    "sep_c": 0.3,
    "sep_s": 0.24
  },
  "raw_score_100": 16.618818721670912,
  "mean": 0.20985031202784857,
  "q25": 0.14384999999999998,
  "mean_bg": 1.7857142857142858,
  "mean_win": 0.10714285714285714,
  "crash_rate": 0.6785714285714286,
  "nominal_bg": 4,
  "nominal_win": 0,
  "nominal_sc": 0.7119791936779466,
  "count": 28,
  "stamp": "20260714T072420Z",
  "path": "/mnt/openfoam/pingpong-venv/repair_work/policy_logic_g1y050_g2y060_t1085_t2080_sc030_ss024.py"
}