{
  "conf": {
    "name": "g1y0.40_g2y0.52_t10.85_t20.90_sc0.30_ss0.28",
    "y_g1": 0.4,
    "y_g2": 0.52,
    "ty_g1": 0.85,
    "ty_g2": 0.9,
    "sep_c": 0.3,
    "sep_s": 0.28
  },
  "raw_score_100": 16.702459688938607,
  "mean": 0.2106143281489768,
  "q25": 0.1452,
  "mean_bg": 1.7857142857142858,
  "mean_win": 0.10714285714285714,
  "crash_rate": 0.6785714285714286,
  "nominal_bg": 4,
  "nominal_win": 0,
  "nominal_sc": 0.7119791936779466,
  "count": 28,
  "stamp": "20260714T091901Z",
  "path": "/mnt/openfoam/pingpong-venv/repair_work/policy_logic_g1y040_g2y052_t1085_t2090_sc030_ss028.py"
}