{
  "conf": {
    "name": "w10.06_w20.10_y10.30_y20.50_b0.60_t10.95_t20.95",
    "wait_g1": 0.06,
    "wait_g2": 0.1,
    "x_lo_g1": 0.1,
    "x_lo_g2": 0.14,
    "y_g1": 0.3,
    "y_g2": 0.5,
    "blend": 0.6,
    "ty_g1": 0.95,
    "ty_g2": 0.95
  },
  "raw_score_100": 15.739260815358897,
  "mean": 0.19456101358931494,
  "q25": 0.1452,
  "mean_bg": 1.75,
  "mean_win": 0.10714285714285714,
  "crash_rate": 0.6428571428571429,
  "nominal_bg": 3,
  "nominal_win": 0,
  "nominal_sc": 0.2646,
  "count": 28,
  "stamp": "20260714T104228Z",
  "path": "/mnt/openfoam/pingpong-venv/repair_work/policy_logic_w1006_w2010_y1030_y2050_b060_t1095_t2095.py"
}