{
  "conf": {
    "name": "g1y0.35_g2y0.48_t10.85_t20.90_sc0.26_ss0.20",
    "y_g1": 0.35,
    "y_g2": 0.48,
    "ty_g1": 0.85,
    "ty_g2": 0.9,
    "sep_c": 0.26,
    "sep_s": 0.2
  },
  "raw_score_100": 16.70795908752592,
  "mean": 0.21070598479209873,
  "q25": 0.1452,
  "mean_bg": 1.7857142857142858,
  "mean_win": 0.14285714285714285,
  "crash_rate": 0.7142857142857143,
  "nominal_bg": 4,
  "nominal_win": 0,
  "nominal_sc": 0.7119791936779466,
  "count": 28,
  "stamp": "20260714T082723Z",
  "path": "/mnt/openfoam/pingpong-venv/repair_work/policy_logic_g1y035_g2y048_t1085_t2090_sc026_ss020.py"
}