{
  "conf": {
    "name": "g1y0.45_g2y0.60_t11.05_t20.80_sc0.26_ss0.28",
    "y_g1": 0.45,
    "y_g2": 0.6,
    "ty_g1": 1.05,
    "ty_g2": 0.8,
    "sep_c": 0.26,
    "sep_s": 0.28
  },
  "raw_score_100": 16.68867337324021,
  "mean": 0.21038455622067015,
  "q25": 0.1452,
  "mean_bg": 1.7857142857142858,
  "mean_win": 0.14285714285714285,
  "crash_rate": 0.6071428571428571,
  "nominal_bg": 4,
  "nominal_win": 0,
  "nominal_sc": 0.7119791936779466,
  "count": 28,
  "stamp": "20260714T091749Z",
  "path": "/mnt/openfoam/pingpong-venv/repair_work/policy_logic_g1y045_g2y060_t1105_t2080_sc026_ss028.py"
}