{
  "conf": {
    "name": "g1y0.35_g2y0.60_t10.85_t20.90_sc0.26_ss0.28",
    "y_g1": 0.35,
    "y_g2": 0.6,
    "ty_g1": 0.85,
    "ty_g2": 0.9,
    "sep_c": 0.26,
    "sep_s": 0.28
  },
  "raw_score_100": 16.683941944668785,
  "mean": 0.21043169907781303,
  "q25": 0.14493,
  "mean_bg": 1.7857142857142858,
  "mean_win": 0.14285714285714285,
  "crash_rate": 0.6785714285714286,
  "nominal_bg": 4,
  "nominal_win": 0,
  "nominal_sc": 0.7119791936779466,
  "count": 28,
  "stamp": "20260714T081051Z",
  "path": "/mnt/openfoam/pingpong-venv/repair_work/policy_logic_g1y035_g2y060_t1085_t2090_sc026_ss028.py"
}