{
  "conf": {
    "name": "w10.05_w20.06_y10.30_y20.46_b0.60_t11.00_t20.90",
    "wait_g1": 0.05,
    "wait_g2": 0.06,
    "x_lo_g1": 0.1,
    "x_lo_g2": 0.14,
    "y_g1": 0.3,
    "y_g2": 0.46,
    "blend": 0.6,
    "ty_g1": 1.0,
    "ty_g2": 0.9
  },
  "raw_score_100": 15.847517958216036,
  "mean": 0.19636529930360064,
  "q25": 0.1452,
  "mean_bg": 1.7857142857142858,
  "mean_win": 0.10714285714285714,
  "crash_rate": 0.7142857142857143,
  "nominal_bg": 3,
  "nominal_win": 0,
  "nominal_sc": 0.2646,
  "count": 28,
  "stamp": "20260714T102617Z",
  "path": "/mnt/openfoam/pingpong-venv/repair_work/policy_logic_w1005_w2006_y1030_y2046_b060_t1100_t2090.py"
}