{
  "conf": {
    "name": "g1y0.35_g2y0.48_t10.95_t20.70_sc0.26_ss0.24",
    "y_g1": 0.35,
    "y_g2": 0.48,
    "ty_g1": 0.95,
    "ty_g2": 0.7,
    "sep_c": 0.26,
    "sep_s": 0.24
  },
  "raw_score_100": 16.648814026301437,
  "mean": 0.2097202337716906,
  "q25": 0.1452,
  "mean_bg": 1.7857142857142858,
  "mean_win": 0.14285714285714285,
  "crash_rate": 0.6428571428571429,
  "nominal_bg": 4,
  "nominal_win": 0,
  "nominal_sc": 0.7119791936779466,
  "count": 28,
  "stamp": "20260714T082817Z",
  "path": "/mnt/openfoam/pingpong-venv/repair_work/policy_logic_g1y035_g2y048_t1095_t2070_sc026_ss024.py"
}