{
  "conf": {
    "name": "g1y0.45_g2y0.56_t10.95_t20.70_sc0.26_ss0.28",
    "y_g1": 0.45,
    "y_g2": 0.56,
    "ty_g1": 0.95,
    "ty_g2": 0.7,
    "sep_c": 0.26,
    "sep_s": 0.28
  },
  "raw_score_100": 16.674273373240208,
  "mean": 0.21014455622067016,
  "q25": 0.1452,
  "mean_bg": 1.7857142857142858,
  "mean_win": 0.14285714285714285,
  "crash_rate": 0.6428571428571429,
  "nominal_bg": 4,
  "nominal_win": 0,
  "nominal_sc": 0.7119791936779466,
  "count": 28,
  "stamp": "20260714T075438Z",
  "path": "/mnt/openfoam/pingpong-venv/repair_work/policy_logic_g1y045_g2y056_t1095_t2070_sc026_ss028.py"
}