{
  "conf": {
    "name": "w10.05_w20.10_y10.34_y20.46_b0.55_t10.90_t20.90",
    "wait_g1": 0.05,
    "wait_g2": 0.1,
    "x_lo_g1": 0.1,
    "x_lo_g2": 0.14,
    "y_g1": 0.34,
    "y_g2": 0.46,
    "blend": 0.55,
    "ty_g1": 0.9,
    "ty_g2": 0.9
  },
  "raw_score_100": 16.82594063854633,
  "mean": 0.2126723439757722,
  "q25": 0.1452,
  "mean_bg": 1.8214285714285714,
  "mean_win": 0.14285714285714285,
  "crash_rate": 0.6785714285714286,
  "nominal_bg": 4,
  "nominal_win": 0,
  "nominal_sc": 0.7119791936779466,
  "count": 28,
  "stamp": "20260714T122339Z",
  "path": "/mnt/openfoam/pingpong-venv/repair_work/policy_logic_w1005_w2010_y1034_y2046_b055_t1090_t2090.py"
}