{
  "conf": {
    "name": "w10.06_w20.10_y10.32_y20.48_b0.55_t10.90_t20.95",
    "wait_g1": 0.06,
    "wait_g2": 0.1,
    "x_lo_g1": 0.1,
    "x_lo_g2": 0.14,
    "y_g1": 0.32,
    "y_g2": 0.48,
    "blend": 0.55,
    "ty_g1": 0.9,
    "ty_g2": 0.95
  },
  "raw_score_100": 16.711996881882587,
  "mean": 0.21077328136470982,
  "q25": 0.1452,
  "mean_bg": 1.7857142857142858,
  "mean_win": 0.10714285714285714,
  "crash_rate": 0.6428571428571429,
  "nominal_bg": 4,
  "nominal_win": 0,
  "nominal_sc": 0.7119791936779466,
  "count": 28,
  "stamp": "20260714T100852Z",
  "path": "/mnt/openfoam/pingpong-venv/repair_work/policy_logic_w1006_w2010_y1032_y2048_b055_t1090_t2095.py"
}