{
  "conf": {
    "name": "w10.06_w20.10_y10.34_y20.46_b0.60_t11.00_t20.95",
    "wait_g1": 0.06,
    "wait_g2": 0.1,
    "x_lo_g1": 0.1,
    "x_lo_g2": 0.14,
    "y_g1": 0.34,
    "y_g2": 0.46,
    "blend": 0.6,
    "ty_g1": 1.0,
    "ty_g2": 0.95
  },
  "raw_score_100": 16.70930781818701,
  "mean": 0.2107284636364502,
  "q25": 0.1452,
  "mean_bg": 1.7857142857142858,
  "mean_win": 0.10714285714285714,
  "crash_rate": 0.6428571428571429,
  "nominal_bg": 4,
  "nominal_win": 0,
  "nominal_sc": 0.7119791936779466,
  "count": 28,
  "stamp": "20260714T104246Z",
  "path": "/mnt/openfoam/pingpong-venv/repair_work/policy_logic_w1006_w2010_y1034_y2046_b060_t1100_t2095.py"
}