{
  "conf": {
    "name": "s0.18_w0.18_S0.18_W0.35",
    "g3_sep": 0.18,
    "g3_win": 0.18,
    "g4_sep": 0.18,
    "g4_win": 0.35
  },
  "raw_score_100": 16.075559574039,
  "mean": 0.20268599290064998,
  "q25": 0.13979999999999998,
  "mean_bg": 1.75,
  "mean_win": 0.07142857142857142,
  "crash_rate": 0.6428571428571429,
  "target_rate": 0.03571428571428571,
  "nominal_bg": 4,
  "nominal_win": 0,
  "nominal_sc": 0.7114903390935491,
  "count": 28,
  "stamp": "20260714T063402Z",
  "path": "/mnt/openfoam/pingpong-venv/repair_work/policy_overnight_s018_w018_S018_W035.py"
}