{
  "conf": {
    "name": "s0.18_w0.00_S0.18_W0.55",
    "g3_sep": 0.18,
    "g3_win": 0.0,
    "g4_sep": 0.18,
    "g4_win": 0.55
  },
  "raw_score_100": 16.34553583094678,
  "mean": 0.20718559718244628,
  "q25": 0.13979999999999998,
  "mean_bg": 1.7857142857142858,
  "mean_win": 0.10714285714285714,
  "crash_rate": 0.7142857142857143,
  "target_rate": 0.03571428571428571,
  "nominal_bg": 4,
  "nominal_win": 0,
  "nominal_sc": 0.7114903390935491,
  "count": 28,
  "stamp": "20260714T063238Z",
  "path": "/mnt/openfoam/pingpong-venv/repair_work/policy_overnight_s018_w000_S018_W055.py"
}