{
  "conf": {
    "name": "ym0.80_zs0.30_ty1.10_s0.28_w0.00",
    "y_miss": 0.8,
    "z_slop": 0.3,
    "ty_gain": 1.1,
    "sep": 0.28,
    "win4": 0.0
  },
  "raw_score_100": 16.573399903852454,
  "mean": 0.20909333173087427,
  "q25": 0.14384999999999998,
  "mean_bg": 1.7857142857142858,
  "mean_win": 0.14285714285714285,
  "crash_rate": 0.5714285714285714,
  "target_rate": 0.03571428571428571,
  "nominal_bg": 4,
  "nominal_win": 0,
  "nominal_sc": 0.7119791936779466,
  "count": 28,
  "stamp": "20260714T065525Z",
  "path": "/mnt/openfoam/pingpong-venv/repair_work/policy_v2_ym080_zs030_ty110_s028_w000.py"
}