{
  "conf": {
    "name": "ym0.80_zs0.15_ty0.90_s0.18_w0.00",
    "y_miss": 0.8,
    "z_slop": 0.15,
    "ty_gain": 0.9,
    "sep": 0.18,
    "win4": 0.0
  },
  "raw_score_100": 16.57571292359738,
  "mean": 0.2091318820599564,
  "q25": 0.14384999999999998,
  "mean_bg": 1.7857142857142858,
  "mean_win": 0.14285714285714285,
  "crash_rate": 0.5,
  "target_rate": 0.03571428571428571,
  "nominal_bg": 4,
  "nominal_win": 0,
  "nominal_sc": 0.7119791936779466,
  "count": 28,
  "stamp": "20260714T065621Z",
  "path": "/mnt/openfoam/pingpong-venv/repair_work/policy_v2_ym080_zs015_ty090_s018_w000.py"
}