{
  "conf": {
    "name": "ym0.90_zs0.15_ty1.10_s0.12_w0.90",
    "y_miss": 0.9,
    "z_slop": 0.15,
    "ty_gain": 1.1,
    "sep": 0.12,
    "win4": 0.9
  },
  "raw_score_100": 16.41687091730187,
  "mean": 0.20648451528836453,
  "q25": 0.14384999999999998,
  "mean_bg": 1.7857142857142858,
  "mean_win": 0.14285714285714285,
  "crash_rate": 0.6071428571428571,
  "target_rate": 0.03571428571428571,
  "nominal_bg": 4,
  "nominal_win": 0,
  "nominal_sc": 0.7119791936779466,
  "count": 28,
  "stamp": "20260714T064934Z",
  "path": "/mnt/openfoam/pingpong-venv/repair_work/policy_v2_ym090_zs015_ty110_s012_w090.py"
}