{
  "conf": {
    "name": "ym0.65_zs0.15_ty0.70_s0.28_w0.90",
    "y_miss": 0.65,
    "z_slop": 0.15,
    "ty_gain": 0.7,
    "sep": 0.28,
    "win4": 0.9
  },
  "raw_score_100": 16.463954692316563,
  "mean": 0.20726924487194273,
  "q25": 0.14384999999999998,
  "mean_bg": 1.7857142857142858,
  "mean_win": 0.10714285714285714,
  "crash_rate": 0.6071428571428571,
  "target_rate": 0.03571428571428571,
  "nominal_bg": 4,
  "nominal_win": 0,
  "nominal_sc": 0.7119791936779466,
  "count": 28,
  "stamp": "20260714T064952Z",
  "path": "/mnt/openfoam/pingpong-venv/repair_work/policy_v2_ym065_zs015_ty070_s028_w090.py"
}