{
  "conf": {
    "name": "ym0.70_zs0.30_ty1.10_s0.18_w0.00",
    "y_miss": 0.7,
    "z_slop": 0.3,
    "ty_gain": 1.1,
    "sep": 0.18,
    "win4": 0.0
  },
  "raw_score_100": 16.600124597066767,
  "mean": 0.2095387432844462,
  "q25": 0.14384999999999998,
  "mean_bg": 1.7857142857142858,
  "mean_win": 0.17857142857142858,
  "crash_rate": 0.5714285714285714,
  "target_rate": 0.03571428571428571,
  "nominal_bg": 4,
  "nominal_win": 0,
  "nominal_sc": 0.7119791936779466,
  "count": 28,
  "stamp": "20260714T064820Z",
  "path": "/mnt/openfoam/pingpong-venv/repair_work/policy_v2_ym070_zs030_ty110_s018_w000.py"
}