{
  "conf": {
    "name": "ym0.55_zs0.05_ty0.90_s0.28_w0.90",
    "y_miss": 0.55,
    "z_slop": 0.05,
    "ty_gain": 0.9,
    "sep": 0.28,
    "win4": 0.9
  },
  "raw_score_100": 16.429523018847174,
  "mean": 0.20669538364745293,
  "q25": 0.14384999999999998,
  "mean_bg": 1.7857142857142858,
  "mean_win": 0.10714285714285714,
  "crash_rate": 0.6071428571428571,
  "target_rate": 0.03571428571428571,
  "nominal_bg": 4,
  "nominal_win": 0,
  "nominal_sc": 0.7119791936779466,
  "count": 28,
  "stamp": "20260714T064724Z",
  "path": "/mnt/openfoam/pingpong-venv/repair_work/policy_v2_ym055_zs005_ty090_s028_w090.py"
}