{
  "conf": {
    "name": "ym0.80_zs0.05_ty0.55_s0.18_w0.90",
    "y_miss": 0.8,
    "z_slop": 0.05,
    "ty_gain": 0.55,
    "sep": 0.18,
    "win4": 0.9
  },
  "raw_score_100": 16.433058623028334,
  "mean": 0.20675431038380562,
  "q25": 0.14384999999999998,
  "mean_bg": 1.7857142857142858,
  "mean_win": 0.07142857142857142,
  "crash_rate": 0.5357142857142857,
  "target_rate": 0.03571428571428571,
  "nominal_bg": 4,
  "nominal_win": 0,
  "nominal_sc": 0.7119791936779466,
  "count": 28,
  "stamp": "20260714T065201Z",
  "path": "/mnt/openfoam/pingpong-venv/repair_work/policy_v2_ym080_zs005_ty055_s018_w090.py"
}