{
  "conf": {
    "name": "ym0.65_zs0.05_ty1.10_s0.12_w0.00",
    "y_miss": 0.65,
    "z_slop": 0.05,
    "ty_gain": 1.1,
    "sep": 0.12,
    "win4": 0.0
  },
  "raw_score_100": 16.56750723467932,
  "mean": 0.2089951205779887,
  "q25": 0.14384999999999998,
  "mean_bg": 1.7857142857142858,
  "mean_win": 0.17857142857142858,
  "crash_rate": 0.6071428571428571,
  "target_rate": 0.03571428571428571,
  "nominal_bg": 4,
  "nominal_win": 0,
  "nominal_sc": 0.7119791936779466,
  "count": 28,
  "stamp": "20260714T064801Z",
  "path": "/mnt/openfoam/pingpong-venv/repair_work/policy_v2_ym065_zs005_ty110_s012_w000.py"
}