{
  "conf": {
    "name": "ym0.65_zs0.15_ty1.10_s0.18_w0.55",
    "y_miss": 0.65,
    "z_slop": 0.15,
    "ty_gain": 1.1,
    "sep": 0.18,
    "win4": 0.55
  },
  "raw_score_100": 16.44901984751813,
  "mean": 0.20702033079196888,
  "q25": 0.14384999999999998,
  "mean_bg": 1.7857142857142858,
  "mean_win": 0.21428571428571427,
  "crash_rate": 0.6071428571428571,
  "target_rate": 0.03571428571428571,
  "nominal_bg": 4,
  "nominal_win": 0,
  "nominal_sc": 0.7119791936779466,
  "count": 28,
  "stamp": "20260714T065544Z",
  "path": "/mnt/openfoam/pingpong-venv/repair_work/policy_v2_ym065_zs015_ty110_s018_w055.py"
}