{
  "score": 0.20759999999999998,
  "hard_success": 0,
  "bounced_gate_passes": 2,
  "bounced_gate_pass": [
    1,
    1,
    0,
    0
  ],
  "raw_gates_passed": 2,
  "drone_windows_passed": 0,
  "target_box_score": 0.0,
  "target_box_entered": 0,
  "safety_score": 0.0,
  "drone_crash": 1,
  "max_tilt_deg": 153.67981054051629,
  "max_action_N": 12.941668201624289,
  "final_ball_pos": [
    4.132439691903409,
    2.7460331141773175,
    0.059947880555283856
  ],
  "final_drone_pos": [
    3.797006235080089,
    1.1331814771556208,
    0.2760114745942055
  ],
  "contacts": 15,
  "observation_mode": "partial",
  "scenario_name": "edge_crosswind_a",
  "policy_path": "/mnt/openfoam/pingpong-venv/progression/_staging/20260717T163548Z_policy_evolved_ci_20260717T163548Z/policy.py",
  "policy_sha256": "046380c07af1ebfa287043d0118caa7c99e00f5aba340e74b32bcb04673f4c87",
  "phase_notes": null
}