{
  "score": 0.20759999999999998,
  "hard_success": 0,
  "bounced_gate_passes": 2,
  "bounced_gate_pass": [
    1,
    1,
    0,
    0
  ],
  "raw_gates_passed": 2,
  "drone_windows_passed": 0,
  "target_box_score": 0.0,
  "target_box_entered": 0,
  "safety_score": 0.0,
  "drone_crash": 1,
  "max_tilt_deg": 152.79078524255527,
  "max_action_N": 13.0,
  "final_ball_pos": [
    2.7407690117951424,
    9.333884473573885,
    0.05995309520655086
  ],
  "final_drone_pos": [
    8.417131161757164,
    14.92073312893453,
    1.3491003742979832
  ],
  "contacts": 10,
  "observation_mode": "partial",
  "scenario_name": "ball_y_pos",
  "policy_path": "/mnt/openfoam/pingpong-venv/progression/_staging/20260716T040613Z_policy_evolved_ci_20260715T185748Z/policy.py",
  "policy_sha256": "d4fe19d749d7fff03e2ae9664e7a3d6102fd36b74fb9d1b1a10d38eaf1be1273",
  "phase_notes": null
}