{
  "score": 0.20759999999999998,
  "hard_success": 0,
  "bounced_gate_passes": 2,
  "bounced_gate_pass": [
    1,
    1,
    0,
    0
  ],
  "raw_gates_passed": 2,
  "drone_windows_passed": 0,
  "target_box_score": 0.0,
  "target_box_entered": 0,
  "safety_score": 0.0,
  "drone_crash": 1,
  "max_tilt_deg": 153.67937881471622,
  "max_action_N": 12.941668201624289,
  "final_ball_pos": [
    4.132439691903409,
    2.746033114177317,
    0.059947880555283856
  ],
  "final_drone_pos": [
    3.8374959569213933,
    1.2119465945368946,
    0.31714564651825555
  ],
  "contacts": 15,
  "observation_mode": "partial",
  "scenario_name": "edge_crosswind_a",
  "policy_path": "/mnt/openfoam/pingpong-venv/progression/_staging/20260717T155828Z_policy_evolved_ci_20260717T155828Z/policy.py",
  "policy_sha256": "9ef6187dba79d89023439c19ecc4320a89a047b608538d041726c15186c1a4fb",
  "phase_notes": null
}