{
  "score": 0.20759999999999998,
  "hard_success": 0,
  "bounced_gate_passes": 2,
  "bounced_gate_pass": [
    1,
    1,
    0,
    0
  ],
  "raw_gates_passed": 2,
  "drone_windows_passed": 0,
  "target_box_score": 0.0,
  "target_box_entered": 0,
  "safety_score": 0.0,
  "drone_crash": 1,
  "max_tilt_deg": 89.03089759584678,
  "max_action_N": 13.0,
  "final_ball_pos": [
    2.965002290187312,
    1.2927354753639697,
    0.059947880761764466
  ],
  "final_drone_pos": [
    5.408233812284341,
    1.4230776510134564,
    0.7284131295886409
  ],
  "contacts": 17,
  "observation_mode": "partial",
  "scenario_name": "edge_low_fast_delay6",
  "policy_path": "/mnt/openfoam/pingpong-venv/progression/_staging/20260715T190136Z_policy_evolved_ci_20260715T185748Z/policy.py",
  "policy_sha256": "a96d404652ea9a969d26c6dbf02e408563c10194096d89d670f3b961f1e0db0d",
  "phase_notes": null
}