{
  "score": 0.20687999999999998,
  "hard_success": 0,
  "bounced_gate_passes": 2,
  "bounced_gate_pass": [
    1,
    1,
    0,
    0
  ],
  "raw_gates_passed": 2,
  "drone_windows_passed": 0,
  "target_box_score": 0.0,
  "target_box_entered": 0,
  "safety_score": 0.0,
  "drone_crash": 1,
  "max_tilt_deg": 169.74122488140716,
  "max_action_N": 13.0,
  "final_ball_pos": [
    3.403508286797374,
    -0.3294557128968986,
    0.05994788074745885
  ],
  "final_drone_pos": [
    0.6252268372907368,
    0.12328667398722981,
    1.6128302170613056
  ],
  "contacts": 33,
  "observation_mode": "partial",
  "scenario_name": "range_424242_012",
  "policy_path": "/mnt/openfoam/pingpong-venv/progression/_staging/20260719T190202Z_policy_v230/policy.py",
  "policy_sha256": "db5c58dd5fea88b34e984774f0472d897e3ac5fc2f1ba07c9373d282d9f4fc88",
  "phase_notes": null
}