{
  "score": 0.168,
  "hard_success": 0,
  "bounced_gate_passes": 2,
  "bounced_gate_pass": [
    1,
    0,
    1,
    0
  ],
  "raw_gates_passed": 4,
  "drone_windows_passed": 0,
  "target_box_score": 0.0,
  "target_box_entered": 0,
  "safety_score": 0.0,
  "drone_crash": 1,
  "max_tilt_deg": 32.8114618860311,
  "max_action_N": 13.0,
  "final_ball_pos": [
    11.292616825975715,
    4.569039771791169,
    0.05997302201848214
  ],
  "final_drone_pos": [
    23.342509462183102,
    3.7114460809019927,
    1.3439824624776273
  ],
  "contacts": 190,
  "observation_mode": "partial",
  "scenario_name": "range_424242_003",
  "policy_path": "/mnt/openfoam/pingpong-venv/progression/_staging/20260715T190136Z_policy_evolved_ci_20260715T185748Z/policy.py",
  "policy_sha256": "a96d404652ea9a969d26c6dbf02e408563c10194096d89d670f3b961f1e0db0d",
  "phase_notes": null
}