{
  "scenario": {
    "name": "nominal",
    "seed": 1101,
    "init_drone_pos": [
      0.0,
      0.0,
      0.95
    ],
    "init_ball_pos": [
      0.0,
      0.0,
      1.72
    ],
    "init_ball_vel": [
      0.0,
      0.0,
      -0.45
    ],
    "gate_y_jitter": 0.0,
    "gate_height_jitter": 0.0,
    "target_jitter_xy": [
      0.0,
      0.0
    ],
    "sensor_delay_steps": 3,
    "ball_pos_noise_std": 0.004,
    "ball_vel_noise_std": 0.018,
    "drone_pos_noise_std": 0.002,
    "drone_vel_noise_std": 0.01,
    "dropout_prob": 0.0,
    "wind_xy": [
      0.0,
      0.0
    ]
  },
  "time": 7.999999999999341,
  "observation_mode": "partial",
  "score": 0.7971864245535268,
  "hard_success": false,
  "gate_progress_score": 1.0,
  "raw_gate_progress_score": 1.0,
  "bounced_gate_progress_score": 1.0,
  "bounced_gate_passes": 4,
  "bounced_gate_pass": [
    true,
    true,
    true,
    true
  ],
  "gate_bounce_delay_s": [
    0.05400000000000005,
    0.2160000000000002,
    0.1140000000000001,
    0.029999999999996696
  ],
  "gate_bounce_contact_times_s": [
    0.8060000000000006,
    1.0200000000000007,
    1.500000000000001,
    2.091999999999991
  ],
  "gate_required_after_s": [
    null,
    0.9400000000000006,
    1.316000000000001,
    1.6940000000000013
  ],
  "distinct_gate_bounce_count": 4,
  "gate_credit_contact_count": 8,
  "gate_credit_quality_score": 0.6180571945829237,
  "bounced_gate_clearances_m": [
    0.9761406505230878,
    1.1097470955212132,
    1.0000588034681375,
    0.2433408406388704
  ],
  "drone_window_score": 0.75,
  "raw_drone_window_score": 0.75,
  "safety_score": 0.0,
  "target_score": 0.9351244832017092,
  "target_settle_score": 0.7534589481739868,
  "target_box_score": 0.9999999999687879,
  "target_box_entered": true,
  "target_box_exit_after_entry": false,
  "target_box_dwell_time_s": 4.324,
  "target_softness_score": 0.0,
  "max_capture_zone_height_m": 4.09407413151308,
  "high_bounce_score": 0.9927166196333637,
  "eligible_mean_over_clearance_m": 1.0429438730221505,
  "eligible_max_over_clearance_m": 1.1097470955212132,
  "high_bounce_exclusion_radius_m": 2.75,
  "gate_top_clearance_margin_m": 0.01,
  "gate_required_ball_center_z_m": [
    2.59,
    2.69,
    2.65,
    2.73
  ],
  "eligible_high_bounce_gate_count": 2,
  "bounce_objective_score": 0.9670374647250227,
  "contact_score": 0.89,
  "useful_contact_score": 0.7250000000000001,
  "mean_bounce_score": 1.0,
  "contact_chatter_score": 1.0,
  "contact_time_score": 1.0,
  "useful_contact_count": 1,
  "total_contact_time_s": 0.08999999999999875,
  "contact_quality_ok": true,
  "contact_events_debug": [
    {
      "start": 0.21000000000000016,
      "end": 0.21600000000000016,
      "dwell": 0.006000000000000005,
      "vz_in": 1.919857550232826,
      "vz_out": 5.1859105751874655,
      "pos_out": [
        0.010060959467356618,
        0.00507925976281076,
        1.4506639668033388
      ],
      "vel_out": [
        1.4106236597247706,
        0.7121676188771191,
        5.1859105751874655
      ]
    },
    {
      "start": 0.3720000000000003,
      "end": 0.3780000000000003,
      "dwell": 0.006000000000000005,
      "vz_in": 3.9551769273254154,
      "vz_out": 5.543608543379111,
      "pos_out": [
        0.24009624607635766,
        0.12148999898532065,
        2.1436420623061383
      ],
      "vel_out": [
        2.3808263087616455,
        1.1626294906581502,
        5.543608543379111
      ]
    },
    {
      "start": 0.8000000000000006,
      "end": 0.8060000000000006,
      "dwell": 0.006000000000000005,
      "vz_in": 1.6818565138132073,
      "vz_out": 2.084912360107495,
      "pos_out": [
        1.1573726167392258,
        0.5698941345663558,
        3.4588330393506244
      ],
      "vel_out": [
        3.2326469466103402,
        1.3520507696703992,
        2.084912360107495
      ]
    },
    {
      "start": 1.0140000000000007,
      "end": 1.0200000000000007,
      "dwell": 0.006000000000000005,
      "vz_in": 1.0312204036068362,
      "vz_out": 1.5559589287067888,
      "pos_out": [
        1.8352093064226394,
        0.8511316054841003,
        3.686702947393851
      ],
      "vel_out": [
        4.28341270268597,
        1.7439350561676483,
        1.5559589287067888
      ]
    },
    {
      "start": 1.418000000000001,
      "end": 1.424000000000001,
      "dwell": 0.006000000000000005,
      "vz_in": -1.3376654934534074,
      "vz_out": -0.5594953366727659,
      "pos_out": [
        3.46705394769125,
        1.5025471738896015,
        3.533491517343517
      ],
      "vel_out": [
        3.662799506858158,
        1.5696106996772161,
        -0.5594953366727659
      ]
    },
    {
      "start": 1.456000000000001,
      "end": 1.462000000000001,
      "dwell": 0.006000000000000005,
      "vz_in": -0.49081342018668467,
      "vz_out": -0.00486128716944385,
      "pos_out": [
        3.6047378738971827,
        1.561758352786756,
        3.510909609455399
      ],
      "vel_out": [
        3.504361506934487,
        1.5494179758262814,
        -0.00486128716944385
      ]
    },
    {
      "start": 1.478000000000001,
      "end": 1.484000000000001,
      "dwell": 0.006000000000000005,
      "vz_in": 0.12063130049181661,
      "vz_out": 0.34593023418470986,
      "pos_out": [
        3.68099351147705,
        1.595594482389128,
        3.5120421223568297
      ],
      "vel_out": [
        3.3961078005388843,
        1.5225076824789596,
        0.34593023418470986
      ]
    },
    {
      "start": 1.492000000000001,
      "end": 1.500000000000001,
      "dwell": 0.008000000000000007,
      "vz_in": 0.3742943858615834,
      "vz_out": 0.5876726187887066,
      "pos_out": [
        3.7347189050490455,
        1.619740441301708,
        3.5191514400176693
      ],
      "vel_out": [
        3.316913710264759,
        1.4955696523849196,
        0.5876726187887066
      ]
    },
    {
      "start": 1.5040000000000011,
      "end": 1.5100000000000011,
      "dwell": 0.006000000000000005,
      "vz_in": 0.690146066796864,
      "vz_out": 0.8037064991892229,
      "pos_out": [
        3.7674509476092854,
        1.634541078822648,
        3.526491652018049
      ],
      "vel_out": [
        3.2497747393956486,
        1.4712010587050917,
        0.8037064991892229
      ]
    },
    {
      "start": 1.5140000000000011,
      "end": 1.5200000000000011,
      "dwell": 0.006000000000000005,
      "vz_in": 0.8958412468206128,
      "vz_out": 1.0077694278556146,
      "pos_out": [
        3.7995175330199884,
        1.6490792331582633,
        3.5358945595536584
      ],
      "vel_out": [
        3.182917027101202,
        1.4437442396951452,
        1.0077694278556146
      ]
    },
    {
      "start": 1.5240000000000011,
      "end": 1.5300000000000011,
      "dwell": 0.006000000000000005,
      "vz_in": 1.112243152560368,
      "vz_out": 1.221524894351704,
      "pos_out": [
        3.830884255897869,
        1.6633108999323603,
        3.5474317832374997
      ],
      "vel_out": [
        3.1123885446039283,
        1.4117572438507209,
        1.221524894351704
      ]
    },
    {
      "start": 1.5340000000000011,
      "end": 1.5400000000000011,
      "dwell": 0.006000000000000005,
      "vz_in": 1.3131341662712048,
      "vz_out": 1.4267809981125747,
      "pos_out": [
        3.8615607621521897,
        1.6772056638523476,
        3.561017240187535
      ],
      "vel_out": [
        3.0429908926435503,
        1.3766787445533522,
        1.4267809981125747
      ]
    },
    {
      "start": 1.5440000000000011,
      "end": 1.5480000000000012,
      "dwell": 0.0040000000000000036,
      "vz_in": 1.4050596171215612,
      "vz_out": 1.3756208653738664,
      "pos_out": [
        3.885845047384669,
        1.688177951160877,
        3.572183316046798
      ],
      "vel_out": [
        3.03130180045391,
        1.3686345620467333,
        1.3756208653738664
      ]
    },
    {
      "start": 2.085999999999992,