{
  "score": 0.7119791936779466,
  "hard_success": 0,
  "bounced_gate_passes": 4,
  "bounced_gate_pass": [
    1,
    1,
    1,
    1
  ],
  "raw_gates_passed": 4,
  "drone_windows_passed": 0,
  "target_box_score": 0.9999999999800031,
  "target_box_entered": 1,
  "safety_score": 0.0,
  "drone_crash": 1,
  "max_tilt_deg": 106.23746354621947,
  "max_action_N": 12.941668201624289,
  "final_ball_pos": [
    6.2022246098778675,
    2.5320403048752924,
    0.10891543788444139
  ],
  "final_drone_pos": [
    15.457893454991677,
    2.8495220961088843,
    1.353041876870789
  ],
  "contacts": 14,
  "observation_mode": "partial",
  "scenario_name": "nominal",
  "policy_path": "/mnt/openfoam/pingpong-venv/repair_work/policy_v109.py",
  "policy_sha256": "39c7d77b19e625ef47bc0e81f194269e3f0763b18a3aed440d8fb65d110be738",
  "phase_notes": null
}