{
  "score": 0.027096993897999064,
  "hard_success": 0,
  "bounced_gate_passes": 0,
  "bounced_gate_pass": [
    0,
    0,
    0,
    0
  ],
  "raw_gates_passed": 0,
  "drone_windows_passed": 0,
  "target_box_score": 0.0,
  "target_box_entered": 0,
  "safety_score": 0.0,
  "drone_crash": 1,
  "max_tilt_deg": 167.7180025104137,
  "max_action_N": 10.240079634844674,
  "final_ball_pos": [
    2.0032952906897616,
    4.8872238585502545,
    0.054121513809639525
  ],
  "final_drone_pos": [
    -1.3539674271834685,
    5.062937625828231,
    0.3118877936489366
  ],
  "contacts": 4,
  "observation_mode": "partial",
  "scenario_name": "range_424242_011",
  "policy_path": "/mnt/openfoam/pingpong-venv/progression/_staging/20260724T035857Z_policy_juggle_ok_20260723T142740Z/policy.py",
  "policy_sha256": "1f49d5806d788df388a0edffedd42f442295fb32f7940c19d214e02d7399e417",
  "phase_notes": null
}