{
  "score": 0.03625877308043497,
  "hard_success": 0,
  "bounced_gate_passes": 0,
  "bounced_gate_pass": [
    0,
    0,
    0,
    0
  ],
  "raw_gates_passed": 0,
  "drone_windows_passed": 1,
  "target_box_score": 0.0,
  "target_box_entered": 0,
  "safety_score": 0.0,
  "drone_crash": 1,
  "max_tilt_deg": 148.85450926377206,
  "max_action_N": 9.16357675921487,
  "final_ball_pos": [
    1.657730532581178,
    1.1453210124034963,
    0.05011398252830809
  ],
  "final_drone_pos": [
    2.4681845296431404,
    1.9256649375603467,
    1.3401202478762893
  ],
  "contacts": 4,
  "observation_mode": "partial",
  "scenario_name": "range_424242_010",
  "policy_path": "/mnt/openfoam/pingpong-venv/progression/_staging/20260724T035857Z_policy_juggle_ok_20260723T142740Z/policy.py",
  "policy_sha256": "1f49d5806d788df388a0edffedd42f442295fb32f7940c19d214e02d7399e417",
  "phase_notes": null
}