{
  "score": 0.13979999999999998,
  "hard_success": 0,
  "bounced_gate_passes": 1,
  "bounced_gate_pass": [
    1,
    0,
    0,
    0
  ],
  "raw_gates_passed": 2,
  "drone_windows_passed": 0,
  "target_box_score": 0.0,
  "target_box_entered": 0,
  "safety_score": 0.0,
  "drone_crash": 1,
  "max_tilt_deg": 172.00215613630593,
  "max_action_N": 13.0,
  "final_ball_pos": [
    3.233482356687152,
    3.550062930804234,
    0.05994788119587627
  ],
  "final_drone_pos": [
    15.997690102337108,
    -5.513495689585999,
    3.380350840845655
  ],
  "contacts": 21,
  "observation_mode": "partial",
  "scenario_name": "range_424242_013",
  "policy_path": "/mnt/openfoam/pingpong-venv/progression/_staging/20260717T055320Z_policy_evolved_ci_20260717T055320Z/policy.py",
  "policy_sha256": "b6a7e7191b1c133abc6d9a8d1a2e387f722a7ae958a2ad07bfb99fb3faff3bfc",
  "phase_notes": null
}