{
  "score": 0.2646,
  "hard_success": 0,
  "bounced_gate_passes": 3,
  "bounced_gate_pass": [
    1,
    1,
    1,
    0
  ],
  "raw_gates_passed": 4,
  "drone_windows_passed": 0,
  "target_box_score": 0.0,
  "target_box_entered": 0,
  "safety_score": 0.0,
  "drone_crash": 1,
  "max_tilt_deg": 60.81158486453905,
  "max_action_N": 13.0,
  "final_ball_pos": [
    17.09935007746092,
    2.2228715470527494,
    0.05996270105838361
  ],
  "final_drone_pos": [
    7.223992934904743,
    1.499888377724885,
    1.3708898166613752
  ],
  "contacts": 20,
  "observation_mode": "partial",
  "scenario_name": "ball_x_pos",
  "policy_path": "/mnt/openfoam/pingpong-venv/progression/_staging/20260717T163548Z_policy_evolved_ci_20260717T163548Z/policy.py",
  "policy_sha256": "046380c07af1ebfa287043d0118caa7c99e00f5aba340e74b32bcb04673f4c87",
  "phase_notes": null
}