{
  "score": 0.20759999999999998,
  "hard_success": 0,
  "bounced_gate_passes": 2,
  "bounced_gate_pass": [
    1,
    1,
    0,
    0
  ],
  "raw_gates_passed": 3,
  "drone_windows_passed": 1,
  "target_box_score": 0.0,
  "target_box_entered": 0,
  "safety_score": 0.0,
  "drone_crash": 0,
  "max_tilt_deg": 79.29028482799879,
  "max_action_N": 12.941668201624289,
  "final_ball_pos": [
    4.846193587666935,
    2.7843979908650525,
    0.05995147735356628
  ],
  "final_drone_pos": [
    6.702223686603763,
    2.6176993442193566,
    0.26439265498140196
  ],
  "contacts": 5,
  "observation_mode": "partial",
  "scenario_name": "range_424242_007",
  "policy_path": "/mnt/openfoam/pingpong-venv/progression/_staging/20260719T032947Z_policy_evolved_g814/policy.py",
  "policy_sha256": "e9cd0972431fdc0ab790f4d5c9beafe0ed1790d387738c5ae54ee31597753791",
  "phase_notes": null
}