{
  "score": 0.6551767770965545,
  "hard_success": 0,
  "bounced_gate_passes": 4,
  "bounced_gate_pass": [
    1,
    1,
    1,
    1
  ],
  "raw_gates_passed": 4,
  "drone_windows_passed": 4,
  "target_box_score": 0.9999999968704838,
  "target_box_entered": 1,
  "safety_score": 0.0,
  "drone_crash": 1,
  "max_tilt_deg": 154.0882439355217,
  "max_action_N": 10.09073194565259,
  "final_ball_pos": [
    6.544577236183605,
    2.303117607662978,
    0.10891543788444148
  ],
  "final_drone_pos": [
    19.65711383357711,
    -3.6167514521061537,
    0.550373748578373
  ],
  "contacts": 6,
  "observation_mode": "partial",
  "scenario_name": "ball_x_pos",
  "policy_path": "/mnt/openfoam/pingpong-venv/progression/_staging/20260724T035857Z_policy_juggle_ok_20260723T142740Z/policy.py",
  "policy_sha256": "1f49d5806d788df388a0edffedd42f442295fb32f7940c19d214e02d7399e417",
  "phase_notes": null
}