{
  "score": 0.26052000000000003,
  "hard_success": 0,
  "bounced_gate_passes": 3,
  "bounced_gate_pass": [
    1,
    1,
    1,
    0
  ],
  "raw_gates_passed": 3,
  "drone_windows_passed": 1,
  "target_box_score": 0.0,
  "target_box_entered": 0,
  "safety_score": 0.0,
  "drone_crash": 1,
  "max_tilt_deg": 95.25104064368779,
  "max_action_N": 13.0,
  "final_ball_pos": [
    2.8855318726424546,
    4.492119984999754,
    0.05994788074082244
  ],
  "final_drone_pos": [
    12.835951181314476,
    -2.6036161627552126,
    0.7369513421710483
  ],
  "contacts": 47,
  "observation_mode": "partial",
  "scenario_name": "edge_jitter_only",
  "policy_path": "/mnt/openfoam/pingpong-venv/progression/_staging/20260716T040435Z_policy_evolved_ci_20260715T185748Z/policy.py",
  "policy_sha256": "cff965f2bb6fb4ca1fbf9dcf29284cb3ca78eec59db43264aac47d55c4ab1a7c",
  "phase_notes": null
}