{
  "scenario": {
    "name": "nominal",
    "seed": 1101,
    "init_drone_pos": [
      0.0,
      0.0,
      0.95
    ],
    "init_ball_pos": [
      0.0,
      0.0,
      1.72
    ],
    "init_ball_vel": [
      0.0,
      0.0,
      -0.45
    ],
    "gate_y_jitter": 0.0,
    "gate_height_jitter": 0.0,
    "target_jitter_xy": [
      0.0,
      0.0
    ],
    "sensor_delay_steps": 3,
    "ball_pos_noise_std": 0.004,
    "ball_vel_noise_std": 0.018,
    "drone_pos_noise_std": 0.002,
    "drone_vel_noise_std": 0.01,
    "dropout_prob": 0.0,
    "wind_xy": [
      0.0,
      0.0
    ]
  },
  "time": 7.999999999999341,
  "observation_mode": "partial",
  "score": 0.774957618291186,
  "hard_success": false,
  "gate_progress_score": 1.0,
  "raw_gate_progress_score": 1.0,
  "bounced_gate_progress_score": 1.0,
  "bounced_gate_passes": 4,
  "bounced_gate_pass": [
    true,
    true,
    true,
    true
  ],
  "gate_bounce_delay_s": [
    0.05400000000000005,
    0.2160000000000002,
    0.1140000000000001,
    0.029999999999996696
  ],
  "gate_bounce_contact_times_s": [
    0.8060000000000006,
    1.0200000000000007,
    1.500000000000001,
    2.091999999999991
  ],
  "gate_required_after_s": [
    null,
    0.9400000000000006,
    1.316000000000001,
    1.6940000000000013
  ],
  "distinct_gate_bounce_count": 4,
  "gate_credit_contact_count": 8,
  "gate_credit_quality_score": 0.6180572285186898,
  "bounced_gate_clearances_m": [
    0.9761406505230878,
    1.1097471113927728,
    1.0000588290925947,
    0.24334121720980972
  ],
  "drone_window_score": 0.5,
  "raw_drone_window_score": 0.5,
  "safety_score": 0.0,
  "target_score": 0.935126354311611,
  "target_settle_score": 0.7534660587979282,
  "target_box_score": 0.9999999999687911,
  "target_box_entered": true,
  "target_box_exit_after_entry": false,
  "target_box_dwell_time_s": 4.324,
  "target_softness_score": 0.0,
  "max_capture_zone_height_m": 4.094075073835964,
  "high_bounce_score": 0.9927166196333637,
  "eligible_mean_over_clearance_m": 1.0429438809579303,
  "eligible_max_over_clearance_m": 1.1097471113927728,
  "high_bounce_exclusion_radius_m": 2.75,
  "gate_top_clearance_margin_m": 0.01,
  "gate_required_ball_center_z_m": [
    2.59,
    2.69,
    2.65,
    2.73
  ],
  "eligible_high_bounce_gate_count": 2,
  "bounce_objective_score": 0.9670374647250227,
  "contact_score": 0.89,
  "useful_contact_score": 0.7250000000000001,
  "mean_bounce_score": 1.0,
  "contact_chatter_score": 1.0,
  "contact_time_score": 1.0,
  "useful_contact_count": 1,
  "total_contact_time_s": 0.08999999999999875,
  "contact_quality_ok": true,
  "contact_events_debug": [
    {
      "start": 0.21000000000000016,
      "end": 0.21600000000000016,
      "dwell": 0.006000000000000005,
      "vz_in": 1.919857550232826,
      "vz_out": 5.1859105751874655,
      "pos_out": [
        0.010060959467356618,
        0.00507925976281076,
        1.4506639668033388
      ],
      "vel_out": [
        1.4106236597247706,
        0.7121676188771191,
        5.1859105751874655
      ]
    },
    {
      "start": 0.3720000000000003,
      "end": 0.3780000000000003,
      "dwell": 0.006000000000000005,
      "vz_in": 3.9551769273254154,
      "vz_out": 5.543608543379111,
      "pos_out": [
        0.24009624607635766,
        0.12148999898532065,
        2.1436420623061383
      ],
      "vel_out": [
        2.3808263087616455,
        1.1626294906581502,
        5.543608543379111
      ]
    },
    {
      "start": 0.8000000000000006,
      "end": 0.8060000000000006,
      "dwell": 0.006000000000000005,
      "vz_in": 1.6818565138132073,
      "vz_out": 2.084912360107495,
      "pos_out": [
        1.1573726167392258,
        0.5698941345663558,
        3.4588330393506244
      ],
      "vel_out": [
        3.2326469466103402,
        1.3520507696703992,
        2.084912360107495
      ]
    },
    {
      "start": 1.0140000000000007,
      "end": 1.0200000000000007,
      "dwell": 0.006000000000000005,
      "vz_in": 1.0312204765969444,
      "vz_out": 1.5559590042431135,
      "pos_out": [
        1.8352093067753172,
        0.8511316049168757,
        3.686702947993523
      ],
      "vel_out": [
        4.283412745516346,
        1.7439349749172992,
        1.5559590042431135
      ]
    },
    {
      "start": 1.418000000000001,
      "end": 1.424000000000001,
      "dwell": 0.006000000000000005,
      "vz_in": -1.3376658875789182,
      "vz_out": -0.5594950619345056,
      "pos_out": [
        3.4670539651770027,
        1.5025471415488434,
        3.5334915437575924
      ],
      "vel_out": [
        3.662799415665826,
        1.5696103103513088,
        -0.5594950619345056
      ]
    },
    {
      "start": 1.456000000000001,
      "end": 1.462000000000001,
      "dwell": 0.006000000000000005,
      "vz_in": -0.4908141873759229,
      "vz_out": -0.004861202094611786,
      "pos_out": [
        3.6047378882395784,
        1.5617583046058614,
        3.510909641498347
      ],
      "vel_out": [
        3.5043613702762975,
        1.549417410872599,
        -0.004861202094611786
      ]
    },
    {
      "start": 1.478000000000001,
      "end": 1.484000000000001,
      "dwell": 0.006000000000000005,
      "vz_in": 0.12063235856609034,
      "vz_out": 0.3459304886017519,
      "pos_out": [
        3.6809935217793073,
        1.595594420974396,
        3.512042160589982
      ],
      "vel_out": [
        3.396107599481532,
        1.5225070075332576,
        0.3459304886017519
      ]
    },
    {
      "start": 1.492000000000001,
      "end": 1.500000000000001,
      "dwell": 0.008000000000000007,
      "vz_in": 0.37429378613778497,
      "vz_out": 0.5876729865884468,
      "pos_out": [
        3.7347189126801523,
        1.6197403686544274,
        3.5191514784749858
      ],
      "vel_out": [
        3.3169134491385597,
        1.4955688894988493,
        0.5876729865884468
      ]
    },
    {
      "start": 1.5040000000000011,
      "end": 1.5100000000000011,
      "dwell": 0.006000000000000005,
      "vz_in": 0.6901462162810184,
      "vz_out": 0.8037064586421548,
      "pos_out": [
        3.7674509530988898,
        1.6345409983197647,
        3.5264916913031934
      ],
      "vel_out": [
        3.24977454418316,
        1.4712002597130738,
        0.8037064586421548
      ]
    },
    {
      "start": 1.5140000000000011,
      "end": 1.5200000000000011,
      "dwell": 0.006000000000000005,
      "vz_in": 0.8958414851830896,
      "vz_out": 1.007769626693652,
      "pos_out": [
        3.7995175359028646,
        1.6490791441342934,
        3.535894600652937
      ],
      "vel_out": [
        3.1829167544275854,
        1.4437433661630499,
        1.007769626693652
      ]
    },
    {
      "start": 1.5240000000000011,
      "end": 1.5300000000000011,
      "dwell": 0.006000000000000005,
      "vz_in": 1.1122430223589954,
      "vz_out": 1.22152484780683,
      "pos_out": [
        3.8308842564497474,
        1.6633108019770224,
        3.5474318238995974
      ],
      "vel_out": [
        3.112388303313331,
        1.4117563300992242,
        1.22152484780683
      ]
    },
    {
      "start": 1.5340000000000011,
      "end": 1.5400000000000011,
      "dwell": 0.006000000000000005,
      "vz_in": 1.31313444905422,
      "vz_out": 1.4267811644081296,
      "pos_out": [
        3.861560759597318,
        1.6772055561679675,
        3.5610172826526387
      ],
      "vel_out": [
        3.0429905768670182,
        1.3766777527636156,
        1.4267811644081296
      ]
    },
    {
      "start": 1.5440000000000011,
      "end": 1.5480000000000012,
      "dwell": 0.0040000000000000036,
      "vz_in": 1.4050594620937407,
      "vz_out": 1.3756206195371954,
      "pos_out": [
        3.885845042675045,
        1.688177835775888,
        3.5721833575505673
      ],
      "vel_out": [
        3.0313015529339413,
        1.368633612434179,
        1.3756206195371954
      ]
    },
    {
      "start": 2.085999999999992,