{
  "score": 0.1344,
  "hard_success": 0,
  "bounced_gate_passes": 1,
  "bounced_gate_pass": [
    1,
    0,
    0,
    0
  ],
  "raw_gates_passed": 1,
  "drone_windows_passed": 0,
  "target_box_score": 0.0,
  "target_box_entered": 0,
  "safety_score": 0.0,
  "drone_crash": 1,
  "max_tilt_deg": 125.01873197443008,
  "max_action_N": 12.941668201624289,
  "final_ball_pos": [
    -2.1371792615812626,
    3.0113628771932204,
    0.05995085892362967
  ],
  "final_drone_pos": [
    0.45862435769931076,
    0.29794848601935137,
    0.7042174756071009
  ],
  "contacts": 1,
  "observation_mode": "partial",
  "scenario_name": "edge_initial_offsets_b",
  "policy_path": "/mnt/openfoam/pingpong-venv/repair_work/policy_v109.py",
  "policy_sha256": "1ebde33bd5926232ae5680ae056803c6fdf8adcaae6993972ceed3525407d020",
  "phase_notes": null
}