{
  "score": 0.19752,
  "hard_success": 0,
  "bounced_gate_passes": 2,
  "bounced_gate_pass": [
    1,
    1,
    0,
    0
  ],
  "raw_gates_passed": 3,
  "drone_windows_passed": 1,
  "target_box_score": 0.0,
  "target_box_entered": 0,
  "safety_score": 0.0,
  "drone_crash": 1,
  "max_tilt_deg": 126.75423991335958,
  "max_action_N": 13.0,
  "final_ball_pos": [
    5.278958026389041,
    2.288547132769617,
    0.05994788044091329
  ],
  "final_drone_pos": [
    3.107354193293342,
    5.417825812441972,
    1.4380724644138712
  ],
  "contacts": 72,
  "observation_mode": "partial",
  "scenario_name": "range_424242_009",
  "policy_path": "/mnt/openfoam/pingpong-venv/progression/_staging/20260717T202004Z_policy_evolved_ci_20260717T202004Z/policy.py",
  "policy_sha256": "87993937d6ac68043d83ff00f9110868da621e1d0c5864528ac7720a711005e3",
  "phase_notes": null
}