{
  "score": 0.20759999999999998,
  "hard_success": 0,
  "bounced_gate_passes": 2,
  "bounced_gate_pass": [
    1,
    1,
    0,
    0
  ],
  "raw_gates_passed": 2,
  "drone_windows_passed": 0,
  "target_box_score": 0.0,
  "target_box_entered": 0,
  "safety_score": 0.0,
  "drone_crash": 0,
  "max_tilt_deg": 46.55812090837219,
  "max_action_N": 13.0,
  "final_ball_pos": [
    2.001868792808511,
    3.561065900178061,
    0.05994788041040645
  ],
  "final_drone_pos": [
    8.524921945783444,
    1.3234182616840884,
    1.448319087242566
  ],
  "contacts": 5,
  "observation_mode": "partial",
  "scenario_name": "range_424242_014",
  "policy_path": "/mnt/openfoam/pingpong-venv/progression/_staging/20260716T041926Z_policy_evolved_ci_20260716T041925Z/policy.py",
  "policy_sha256": "72762254253b8dd2212362f1f1816f5385dc0006eba017f74caa3948e93b6331",
  "phase_notes": null
}