{
  "score": 0.1944,
  "hard_success": 0,
  "bounced_gate_passes": 2,
  "bounced_gate_pass": [
    1,
    1,
    0,
    0
  ],
  "raw_gates_passed": 3,
  "drone_windows_passed": 1,
  "target_box_score": 0.0,
  "target_box_entered": 0,
  "safety_score": 0.0,
  "drone_crash": 1,
  "max_tilt_deg": 177.653437129336,
  "max_action_N": 12.941668201624289,
  "final_ball_pos": [
    4.5381688122411905,
    -0.030791682674709046,
    0.05994788078117522
  ],
  "final_drone_pos": [
    4.649161323425444,
    1.966561364310731,
    0.2717764090565718
  ],
  "contacts": 85,
  "observation_mode": "partial",
  "scenario_name": "edge_jitter_only",
  "policy_path": "/mnt/openfoam/pingpong-venv/progression/_staging/20260717T092151Z_policy_evolved_ci_20260717T092150Z/policy.py",
  "policy_sha256": "4f54b95cd1256927a4e2ed02aefbd2e52a4a90a0525f7e3270b1fac16d51f6fb",
  "phase_notes": null
}