{
  "score": 0.19823999999999997,
  "hard_success": 0,
  "bounced_gate_passes": 2,
  "bounced_gate_pass": [
    1,
    1,
    0,
    0
  ],
  "raw_gates_passed": 4,
  "drone_windows_passed": 0,
  "target_box_score": 0.0,
  "target_box_entered": 0,
  "safety_score": 0.0,
  "drone_crash": 1,
  "max_tilt_deg": 60.81158486453905,
  "max_action_N": 12.941668201624289,
  "final_ball_pos": [
    17.323064579223036,
    2.780869242524877,
    0.059962663733715414
  ],
  "final_drone_pos": [
    24.109460246795976,
    0.5282521658245051,
    0.3028740191943449
  ],
  "contacts": 69,
  "observation_mode": "partial",
  "scenario_name": "ball_x_pos",
  "policy_path": "repair_work/policy_named.py",
  "policy_sha256": "5e1778704552c97ce64bd08e0818742852ce755ddcc1a9a077670368a84d9404",
  "phase_notes": null
}