{
  "score": 0.21005459365132237,
  "hard_success": 0,
  "bounced_gate_passes": 2,
  "bounced_gate_pass": [
    1,
    1,
    0,
    0
  ],
  "raw_gates_passed": 2,
  "drone_windows_passed": 1,
  "target_box_score": 0.0,
  "target_box_entered": 0,
  "safety_score": 0.0,
  "drone_crash": 1,
  "max_tilt_deg": 156.55933206958738,
  "max_action_N": 12.941668201624289,
  "final_ball_pos": [
    7.392311065852816,
    4.951480354771848,
    0.05995801923379656
  ],
  "final_drone_pos": [
    -30.118426372189884,
    4.5799800585361155,
    1.5575712305261844
  ],
  "contacts": 3,
  "observation_mode": "partial",
  "scenario_name": "range_424242_011",
  "policy_path": "/mnt/openfoam/pingpong-venv/progression/_staging/20260717T202004Z_policy_evolved_ci_20260717T202004Z/policy.py",
  "policy_sha256": "87993937d6ac68043d83ff00f9110868da621e1d0c5864528ac7720a711005e3",
  "phase_notes": null
}