{
  "score": 0.19536,
  "hard_success": 0,
  "bounced_gate_passes": 2,
  "bounced_gate_pass": [
    1,
    1,
    0,
    0
  ],
  "raw_gates_passed": 2,
  "drone_windows_passed": 0,
  "target_box_score": 0.0,
  "target_box_entered": 0,
  "safety_score": 0.0,
  "drone_crash": 1,
  "max_tilt_deg": 87.61174998958825,
  "max_action_N": 13.0,
  "final_ball_pos": [
    3.3591608650266216,
    3.8976439275834864,
    0.05995075375393072
  ],
  "final_drone_pos": [
    4.080166576447404,
    3.0106014626045265,
    0.003746097790625781
  ],
  "contacts": 81,
  "observation_mode": "partial",
  "scenario_name": "edge_noise_delay6",
  "policy_path": "/mnt/openfoam/pingpong-venv/progression/_staging/20260716T040410Z_policy_evolved_ci_20260715T185748Z/policy.py",
  "policy_sha256": "693a5015ca10e26ae508464fd070031cf18dae76e2ed44cda0f4a12efa56724f",
  "phase_notes": null
}