{
  "score": 0.1344,
  "hard_success": 0,
  "bounced_gate_passes": 1,
  "bounced_gate_pass": [
    1,
    0,
    0,
    0
  ],
  "raw_gates_passed": 1,
  "drone_windows_passed": 0,
  "target_box_score": 0.0,
  "target_box_entered": 0,
  "safety_score": 0.0,
  "drone_crash": 1,
  "max_tilt_deg": 134.71856569269232,
  "max_action_N": 12.941668201624289,
  "final_ball_pos": [
    -2.137179261581263,
    3.011362877193219,
    0.05995085892362967
  ],
  "final_drone_pos": [
    4.08133049549154,
    2.3625618056834217,
    2.4096028391741444
  ],
  "contacts": 1,
  "observation_mode": "partial",
  "scenario_name": "edge_initial_offsets_b",
  "policy_path": "/mnt/openfoam/pingpong-venv/progression/_staging/20260716T041926Z_policy_evolved_ci_20260716T041925Z/policy.py",
  "policy_sha256": "72762254253b8dd2212362f1f1816f5385dc0006eba017f74caa3948e93b6331",
  "phase_notes": null
}