{
  "score": 0.2646,
  "hard_success": 0,
  "bounced_gate_passes": 3,
  "bounced_gate_pass": [
    1,
    1,
    1,
    0
  ],
  "raw_gates_passed": 3,
  "drone_windows_passed": 1,
  "target_box_score": 0.0,
  "target_box_entered": 0,
  "safety_score": 0.0,
  "drone_crash": 1,
  "max_tilt_deg": 100.98424567384002,
  "max_action_N": 13.0,
  "final_ball_pos": [
    2.485275262015051,
    6.012090906405755,
    0.05995696128182743
  ],
  "final_drone_pos": [
    6.148219059531835,
    2.629551737001102,
    1.35867688823361
  ],
  "contacts": 5,
  "observation_mode": "partial",
  "scenario_name": "range_424242_010",
  "policy_path": "/mnt/openfoam/pingpong-venv/progression/_staging/20260719T032947Z_policy_evolved_g814/policy.py",
  "policy_sha256": "e9cd0972431fdc0ab790f4d5c9beafe0ed1790d387738c5ae54ee31597753791",
  "phase_notes": null
}