{
  "score": 0.19464,
  "hard_success": 0,
  "bounced_gate_passes": 2,
  "bounced_gate_pass": [
    1,
    1,
    0,
    0
  ],
  "raw_gates_passed": 3,
  "drone_windows_passed": 0,
  "target_box_score": 0.0,
  "target_box_entered": 0,
  "safety_score": 0.0,
  "drone_crash": 1,
  "max_tilt_deg": 118.10023675444279,
  "max_action_N": 13.0,
  "final_ball_pos": [
    4.540129294515246,
    2.560756486659912,
    0.05994788066796542
  ],
  "final_drone_pos": [
    5.149169393955815,
    2.0856424037101826,
    0.2788063266235327
  ],
  "contacts": 84,
  "observation_mode": "partial",
  "scenario_name": "range_424242_009",
  "policy_path": "/mnt/openfoam/pingpong-venv/progression/_staging/20260716T042938Z_policy_evolved_ci_20260716T042938Z/policy.py",
  "policy_sha256": "1925147b8b21d620cc9f1c51bddaedaf5026c7b3fef018d4257d750cbd526dcb",
  "phase_notes": null
}