{
  "score": 0.20759999999999998,
  "hard_success": 0,
  "bounced_gate_passes": 2,
  "bounced_gate_pass": [
    1,
    1,
    0,
    0
  ],
  "raw_gates_passed": 2,
  "drone_windows_passed": 2,
  "target_box_score": 0.0,
  "target_box_entered": 0,
  "safety_score": 0.0,
  "drone_crash": 0,
  "max_tilt_deg": 45.394159381918854,
  "max_action_N": 13.0,
  "final_ball_pos": [
    1.8318418029089658,
    3.4447241981239936,
    0.059947880379574076
  ],
  "final_drone_pos": [
    4.5467361780493185,
    0.8117290344893642,
    1.4545028884260702
  ],
  "contacts": 5,
  "observation_mode": "partial",
  "scenario_name": "range_424242_014",
  "policy_path": "/mnt/openfoam/pingpong-venv/progression/_staging/20260716T164450Z_policy_evolved_ci_20260716T164450Z/policy.py",
  "policy_sha256": "ffdafe1fb57764e4fd3651a12872af0e11b7cee06ec23518539d0d9737ab9fb6",
  "phase_notes": null
}