{
  "n_vert": 4,
  "juggle_success": true,
  "mean_vz": 2.638678071669053,
  "n_contact": 6,
  "max_r": 0.21604958028156865,
  "camera": "juggle_close"
}