{
  "score": 0.2168799135706577,
  "hard_success": 0,
  "bounced_gate_passes": 2,
  "bounced_gate_pass": [
    1,
    1,
    0,
    0
  ],
  "raw_gates_passed": 2,
  "drone_windows_passed": 0,
  "target_box_score": 0.0,
  "target_box_entered": 0,
  "safety_score": 0.0,
  "drone_crash": 1,
  "max_tilt_deg": 120.37214164545539,
  "max_action_N": 13.0,
  "final_ball_pos": [
    1.883000205825798,
    2.357913414058045,
    0.059947880404840004
  ],
  "final_drone_pos": [
    0.8652638941508679,
    0.9790302747109846,
    0.01688003230647958
  ],
  "contacts": 7,
  "observation_mode": "partial",
  "scenario_name": "range_424242_014",
  "policy_path": "/mnt/openfoam/pingpong-venv/progression/_staging/20260718T000609Z_policy_evolved_ci_20260718T000608Z/policy.py",
  "policy_sha256": "71d3d7232ee3b81d85e540c57e00488dcf7225f336ca7eecae1a31cef5b08f2c",
  "phase_notes": null
}