{
  "score": 0.13979999999999998,
  "hard_success": 0,
  "bounced_gate_passes": 1,
  "bounced_gate_pass": [
    1,
    0,
    0,
    0
  ],
  "raw_gates_passed": 2,
  "drone_windows_passed": 1,
  "target_box_score": 0.0,
  "target_box_entered": 0,
  "safety_score": 0.0,
  "drone_crash": 1,
  "max_tilt_deg": 177.6406598504423,
  "max_action_N": 13.0,
  "final_ball_pos": [
    4.796089821944809,
    3.615874347458641,
    0.05994788074761239
  ],
  "final_drone_pos": [
    4.4864282659491455,
    1.5928900566066613,
    0.8013586142624153
  ],
  "contacts": 21,
  "observation_mode": "partial",
  "scenario_name": "range_424242_013",
  "policy_path": "/opt/pingpong/progression/_staging/20260718T175806Z_policy_evolved_g814/policy.py",
  "policy_sha256": "4bb0cdf8df156ebe743b4cf6ae9ae36553aa70a13b7f53d556babec72d70b6c6",
  "phase_notes": null
}