{
  "score": 0.20219999999999996,
  "hard_success": 0,
  "bounced_gate_passes": 2,
  "bounced_gate_pass": [
    1,
    1,
    0,
    0
  ],
  "raw_gates_passed": 2,
  "drone_windows_passed": 1,
  "target_box_score": 0.0,
  "target_box_entered": 0,
  "safety_score": 0.0,
  "drone_crash": 1,
  "max_tilt_deg": 138.13658294618145,
  "max_action_N": 12.941668201624289,
  "final_ball_pos": [
    4.086784603941845,
    2.6206053087824515,
    0.059947829582380936
  ],
  "final_drone_pos": [
    2.519309558709821,
    2.5846117143405345,
    2.8456240605792136
  ],
  "contacts": 3,
  "observation_mode": "partial",
  "scenario_name": "range_424242_011",
  "policy_path": "/mnt/openfoam/pingpong-venv/progression/_staging/20260714T200803Z_policy_evolved_g9/policy.py",
  "policy_sha256": "27ba2a042cd27a1bef52296639033bbac51fe3475cf5cbb496fca5d2e40c0a53",
  "phase_notes": null
}