{
  "score": 0.5009999999998855,
  "hard_success": 0,
  "bounced_gate_passes": 3,
  "bounced_gate_pass": [
    1,
    1,
    1,
    0
  ],
  "raw_gates_passed": 4,
  "drone_windows_passed": 0,
  "target_box_score": 0.9999999999980922,
  "target_box_entered": 1,
  "safety_score": 0.0,
  "drone_crash": 1,
  "max_tilt_deg": 104.52315255625871,
  "max_action_N": 13.0,
  "final_ball_pos": [
    6.8364475115472345,
    2.6757553154689204,
    0.10891543788444141
  ],
  "final_drone_pos": [
    5.099174723613164,
    1.9388179528283913,
    0.2695534696510623
  ],
  "contacts": 28,
  "observation_mode": "partial",
  "scenario_name": "low_fast",
  "policy_path": "/opt/pingpong/progression/_staging/20260718T152101Z_policy_evolved_g202/policy.py",
  "policy_sha256": "3700811d2272dfd3258ea17c06e1857dab6db2bc83f5d4d1c6ec2511d4e4aeab",
  "phase_notes": null
}