{
  "score": 0.3969307712452117,
  "hard_success": 0,
  "bounced_gate_passes": 2,
  "bounced_gate_pass": [
    1,
    1,
    0,
    0
  ],
  "raw_gates_passed": 3,
  "drone_windows_passed": 1,
  "target_box_score": 0.9988461874201953,
  "target_box_entered": 1,
  "safety_score": 0.0,
  "drone_crash": 1,
  "max_tilt_deg": 90.06283358417184,
  "max_action_N": 13.0,
  "final_ball_pos": [
    6.461412551198039,
    2.262235016179861,
    0.10891543786956374
  ],
  "final_drone_pos": [
    3.1517768363602925,
    1.4327129065462507,
    0.8543466675864745
  ],
  "contacts": 5,
  "observation_mode": "partial",
  "scenario_name": "range_424242_007",
  "policy_path": "/mnt/openfoam/pingpong-venv/progression/_staging/20260717T163548Z_policy_evolved_ci_20260717T163548Z/policy.py",
  "policy_sha256": "046380c07af1ebfa287043d0118caa7c99e00f5aba340e74b32bcb04673f4c87",
  "phase_notes": null
}