{
  "score": 0.15059999999999998,
  "hard_success": 0,
  "bounced_gate_passes": 1,
  "bounced_gate_pass": [
    1,
    0,
    0,
    0
  ],
  "raw_gates_passed": 1,
  "drone_windows_passed": 1,
  "target_box_score": 0.0,
  "target_box_entered": 0,
  "safety_score": 0.0,
  "drone_crash": 1,
  "max_tilt_deg": 177.75906098533292,
  "max_action_N": 13.0,
  "final_ball_pos": [
    2.880767689838707,
    -0.23315750673456315,
    0.05994788070766968
  ],
  "final_drone_pos": [
    2.3164424812588167,
    0.6716655595132804,
    0.28011941656523576
  ],
  "contacts": 20,
  "observation_mode": "partial",
  "scenario_name": "range_424242_015",
  "policy_path": "/mnt/openfoam/pingpong-venv/progression/_staging/20260716T040435Z_policy_evolved_ci_20260715T185748Z/policy.py",
  "policy_sha256": "cff965f2bb6fb4ca1fbf9dcf29284cb3ca78eec59db43264aac47d55c4ab1a7c",
  "phase_notes": null
}