{
  "score": 0.01575555821284848,
  "hard_success": 0,
  "bounced_gate_passes": 0,
  "bounced_gate_pass": [
    0,
    0,
    0,
    0
  ],
  "raw_gates_passed": 0,
  "drone_windows_passed": 0,
  "target_box_score": 0.0,
  "target_box_entered": 0,
  "safety_score": 0.0,
  "drone_crash": 0,
  "max_tilt_deg": 64.78290203477052,
  "max_action_N": 9.026452392660685,
  "final_ball_pos": [
    0.37010997274002105,
    0.43283177206657575,
    0.051679859614273016
  ],
  "final_drone_pos": [
    0.7265131573799096,
    2.109810863733856,
    1.1285427008500748
  ],
  "contacts": 2,
  "observation_mode": "partial",
  "scenario_name": "range_424242_006",
  "policy_path": "/mnt/openfoam/pingpong-venv/progression/_staging/20260724T035857Z_policy_juggle_ok_20260723T142740Z/policy.py",
  "policy_sha256": "1f49d5806d788df388a0edffedd42f442295fb32f7940c19d214e02d7399e417",
  "phase_notes": null
}