{
  "score": 0.20759999999999998,
  "hard_success": 0,
  "bounced_gate_passes": 2,
  "bounced_gate_pass": [
    1,
    1,
    0,
    0
  ],
  "raw_gates_passed": 2,
  "drone_windows_passed": 0,
  "target_box_score": 0.0,
  "target_box_entered": 0,
  "safety_score": 0.0,
  "drone_crash": 1,
  "max_tilt_deg": 91.19593004026143,
  "max_action_N": 13.0,
  "final_ball_pos": [
    0.8086818425010751,
    6.789409373703049,
    0.05995097520115819
  ],
  "final_drone_pos": [
    -4.05624448449758,
    5.578119214120665,
    1.399090695868714
  ],
  "contacts": 7,
  "observation_mode": "partial",
  "scenario_name": "range_424242_001",
  "policy_path": "/mnt/openfoam/pingpong-venv/progression/_staging/20260719T032947Z_policy_evolved_g814/policy.py",
  "policy_sha256": "e9cd0972431fdc0ab790f4d5c9beafe0ed1790d387738c5ae54ee31597753791",
  "phase_notes": null
}