{
  "n_vert": 4,
  "juggle_success": true,
  "mean_vz": 1.3631700904308066,
  "max_r": 0.14592704888391442,
  "camera": "juggle_close"
}