{
  "score": 0.20759999999999998,
  "hard_success": 0,
  "bounced_gate_passes": 2,
  "bounced_gate_pass": [
    1,
    1,
    0,
    0
  ],
  "raw_gates_passed": 2,
  "drone_windows_passed": 1,
  "target_box_score": 0.0,
  "target_box_entered": 0,
  "safety_score": 0.0,
  "drone_crash": 1,
  "max_tilt_deg": 153.9190962160279,
  "max_action_N": 12.941668201624289,
  "final_ball_pos": [
    4.132439691903409,
    2.7460331141773175,
    0.059947880555283856
  ],
  "final_drone_pos": [
    10.68896075003554,
    5.670123882600223,
    2.8069618860961016
  ],
  "contacts": 15,
  "observation_mode": "partial",
  "scenario_name": "edge_crosswind_a",
  "policy_path": "/mnt/openfoam/pingpong-venv/progression/_staging/20260717T224722Z_policy_evolved_ci_20260717T224722Z/policy.py",
  "policy_sha256": "42906a434166612a3b44128beac9758d85358a35f8f942529aee454e502f2eae",
  "phase_notes": null
}