{
  "score": 0.20759999999999998,
  "hard_success": 0,
  "bounced_gate_passes": 2,
  "bounced_gate_pass": [
    1,
    1,
    0,
    0
  ],
  "raw_gates_passed": 2,
  "drone_windows_passed": 0,
  "target_box_score": 0.0,
  "target_box_entered": 0,
  "safety_score": 0.0,
  "drone_crash": 1,
  "max_tilt_deg": 91.20887224221215,
  "max_action_N": 13.0,
  "final_ball_pos": [
    0.5723922304044822,
    5.865722490611995,
    0.05994903357064613
  ],
  "final_drone_pos": [
    3.1537105803915892,
    1.3984984066559802,
    0.35952317784794324
  ],
  "contacts": 6,
  "observation_mode": "partial",
  "scenario_name": "range_424242_001",
  "policy_path": "/mnt/openfoam/pingpong-venv/progression/_staging/20260717T092151Z_policy_evolved_ci_20260717T092150Z/policy.py",
  "policy_sha256": "4f54b95cd1256927a4e2ed02aefbd2e52a4a90a0525f7e3270b1fac16d51f6fb",
  "phase_notes": null
}