{
  "score": 0.13979999999999998,
  "hard_success": 0,
  "bounced_gate_passes": 1,
  "bounced_gate_pass": [
    1,
    0,
    0,
    0
  ],
  "raw_gates_passed": 3,
  "drone_windows_passed": 0,
  "target_box_score": 0.0,
  "target_box_entered": 0,
  "safety_score": 0.0,
  "drone_crash": 1,
  "max_tilt_deg": 153.8422707792394,
  "max_action_N": 13.0,
  "final_ball_pos": [
    15.686472250535726,
    5.5306833592996565,
    0.059968846461675746
  ],
  "final_drone_pos": [
    5.862313440059525,
    1.8502755108502231,
    0.9073309176643706
  ],
  "contacts": 25,
  "observation_mode": "partial",
  "scenario_name": "range_424242_008",
  "policy_path": "/mnt/openfoam/pingpong-venv/progression/_staging/20260716T040435Z_policy_evolved_ci_20260715T185748Z/policy.py",
  "policy_sha256": "cff965f2bb6fb4ca1fbf9dcf29284cb3ca78eec59db43264aac47d55c4ab1a7c",
  "phase_notes": null
}