{
  "score": 0.21609364080579094,
  "hard_success": 0,
  "bounced_gate_passes": 2,
  "bounced_gate_pass": [
    1,
    1,
    0,
    0
  ],
  "raw_gates_passed": 2,
  "drone_windows_passed": 0,
  "target_box_score": 0.0,
  "target_box_entered": 0,
  "safety_score": 0.0,
  "drone_crash": 1,
  "max_tilt_deg": 108.49720750433329,
  "max_action_N": 13.0,
  "final_ball_pos": [
    -3.7686660721278575,
    14.060079684628306,
    0.0599521101199037
  ],
  "final_drone_pos": [
    2.8620114873286404,
    8.522629727608727,
    0.0036883058771884844
  ],
  "contacts": 6,
  "observation_mode": "partial",
  "scenario_name": "range_424242_014",
  "policy_path": "/mnt/openfoam/pingpong-venv/progression/_staging/20260717T055320Z_policy_evolved_ci_20260717T055320Z/policy.py",
  "policy_sha256": "b6a7e7191b1c133abc6d9a8d1a2e387f722a7ae958a2ad07bfb99fb3faff3bfc",
  "phase_notes": null
}