{
  "score": 0.20759999999999998,
  "hard_success": 0,
  "bounced_gate_passes": 2,
  "bounced_gate_pass": [
    1,
    1,
    0,
    0
  ],
  "raw_gates_passed": 2,
  "drone_windows_passed": 0,
  "target_box_score": 0.0,
  "target_box_entered": 0,
  "safety_score": 0.0,
  "drone_crash": 1,
  "max_tilt_deg": 178.50582999647105,
  "max_action_N": 13.0,
  "final_ball_pos": [
    -2.5270079135983186,
    5.346227825248637,
    0.059947878830654375
  ],
  "final_drone_pos": [
    -2.0400227496912966,
    3.8307252396574722,
    0.2760836242399965
  ],
  "contacts": 27,
  "observation_mode": "partial",
  "scenario_name": "range_424242_004",
  "policy_path": "/mnt/openfoam/pingpong-venv/progression/_staging/20260716T040435Z_policy_evolved_ci_20260715T185748Z/policy.py",
  "policy_sha256": "cff965f2bb6fb4ca1fbf9dcf29284cb3ca78eec59db43264aac47d55c4ab1a7c",
  "phase_notes": null
}