{
  "n_vert": 4,
  "juggle_success": true,
  "mean_vz": 3.0865618624424465,
  "n_contact": 5,
  "max_r": 0.24591474066956082,
  "camera": "juggle_close"
}