{
  "score": 0.27315689265693577,
  "hard_success": 0,
  "bounced_gate_passes": 3,
  "bounced_gate_pass": [
    1,
    1,
    1,
    0
  ],
  "raw_gates_passed": 4,
  "drone_windows_passed": 1,
  "target_box_score": 0.0,
  "target_box_entered": 0,
  "safety_score": 0.0,
  "drone_crash": 1,
  "max_tilt_deg": 128.3053577948944,
  "max_action_N": 12.941668201624289,
  "final_ball_pos": [
    3.761976779891272,
    4.461551247730049,
    0.05994788066698219
  ],
  "final_drone_pos": [
    6.808598094148073,
    2.3399471407931647,
    0.3752182291794943
  ],
  "contacts": 5,
  "observation_mode": "partial",
  "scenario_name": "nominal",
  "policy_path": "/opt/pingpong/progression/_staging/20260718T175806Z_policy_evolved_g814/policy.py",
  "policy_sha256": "4bb0cdf8df156ebe743b4cf6ae9ae36553aa70a13b7f53d556babec72d70b6c6",
  "phase_notes": null
}