{
  "score": 0.5176844327202533,
  "hard_success": 0,
  "bounced_gate_passes": 3,
  "bounced_gate_pass": [
    1,
    1,
    1,
    0
  ],
  "raw_gates_passed": 3,
  "drone_windows_passed": 1,
  "target_box_score": 0.9915376592303297,
  "target_box_entered": 1,
  "safety_score": 0.0,
  "drone_crash": 1,
  "max_tilt_deg": 151.66388541431954,
  "max_action_N": 13.0,
  "final_ball_pos": [
    6.51239101445407,
    2.770802791571658,
    0.10891543798167108
  ],
  "final_drone_pos": [
    8.422670188383998,
    1.129781888511285,
    1.4045525938705563
  ],
  "contacts": 5,
  "observation_mode": "partial",
  "scenario_name": "range_424242_006",
  "policy_path": "/mnt/openfoam/pingpong-venv/progression/_staging/20260715T062100Z_policy_evolved_g886/policy.py",
  "policy_sha256": "78e7da4e0173bfb0573e6a9578b9b3858a1bd03dbf73ce667885a26fc9fabe9d",
  "phase_notes": null
}