{
  "score": 0.016294240024062323,
  "hard_success": 0,
  "bounced_gate_passes": 0,
  "bounced_gate_pass": [
    0,
    0,
    0,
    0
  ],
  "raw_gates_passed": 0,
  "drone_windows_passed": 1,
  "target_box_score": 0.0,
  "target_box_entered": 0,
  "safety_score": 0.0,
  "drone_crash": 1,
  "max_tilt_deg": 93.9880409111123,
  "max_action_N": 9.013680601248623,
  "final_ball_pos": [
    0.5635814250718806,
    0.7099469603047855,
    0.05195354113053908
  ],
  "final_drone_pos": [
    1.753327264517553,
    0.5135792758696185,
    0.6565711952082625
  ],
  "contacts": 14,
  "observation_mode": "partial",
  "scenario_name": "range_424242_007",
  "policy_path": "/mnt/openfoam/pingpong-venv/progression/_staging/20260724T035857Z_policy_juggle_ok_20260723T142740Z/policy.py",
  "policy_sha256": "1f49d5806d788df388a0edffedd42f442295fb32f7940c19d214e02d7399e417",
  "phase_notes": null
}