{
  "score": 0.126,
  "hard_success": 0,
  "bounced_gate_passes": 1,
  "bounced_gate_pass": [
    1,
    0,
    0,
    0
  ],
  "raw_gates_passed": 1,
  "drone_windows_passed": 3,
  "target_box_score": 0.0,
  "target_box_entered": 0,
  "safety_score": 0.0,
  "drone_crash": 1,
  "max_tilt_deg": 73.7335584858145,
  "max_action_N": 13.0,
  "final_ball_pos": [
    2.5201603691208865,
    -9.660515972004914,
    0.05996799128816364
  ],
  "final_drone_pos": [
    5.7314526502226535,
    1.8676729461924326,
    2.357476698278024
  ],
  "contacts": 162,
  "observation_mode": "partial",
  "scenario_name": "edge_initial_offsets_a",
  "policy_path": "/mnt/openfoam/pingpong-venv/progression/_staging/20260717T100246Z_policy_evolved_ci_20260717T100246Z/policy.py",
  "policy_sha256": "60ea2c10a114f2852089439667bda12a7a2bcec67a7a108803f3e8184c4c98fb",
  "phase_notes": null
}