{
  "score": 0.19871999999999998,
  "hard_success": 0,
  "bounced_gate_passes": 2,
  "bounced_gate_pass": [
    1,
    1,
    0,
    0
  ],
  "raw_gates_passed": 3,
  "drone_windows_passed": 1,
  "target_box_score": 0.0,
  "target_box_entered": 0,
  "safety_score": 0.0,
  "drone_crash": 1,
  "max_tilt_deg": 177.8883726049127,
  "max_action_N": 12.941668201624289,
  "final_ball_pos": [
    4.702438495675756,
    0.20223628550687772,
    0.05994788073598152
  ],
  "final_drone_pos": [
    4.620456522729844,
    1.9796259332439703,
    0.2654404310219842
  ],
  "contacts": 67,
  "observation_mode": "partial",
  "scenario_name": "edge_jitter_only",
  "policy_path": "/mnt/openfoam/pingpong-venv/progression/_staging/20260719T032947Z_policy_evolved_g814/policy.py",
  "policy_sha256": "e9cd0972431fdc0ab790f4d5c9beafe0ed1790d387738c5ae54ee31597753791",
  "phase_notes": null
}