{
  "score": 0.20759999999999998,
  "hard_success": 0,
  "bounced_gate_passes": 2,
  "bounced_gate_pass": [
    1,
    1,
    0,
    0
  ],
  "raw_gates_passed": 2,
  "drone_windows_passed": 2,
  "target_box_score": 0.0,
  "target_box_entered": 0,
  "safety_score": 0.0,
  "drone_crash": 1,
  "max_tilt_deg": 179.48452257363394,
  "max_action_N": 12.941668201624289,
  "final_ball_pos": [
    4.132439691903409,
    2.7460331141773175,
    0.059947880555283856
  ],
  "final_drone_pos": [
    7.344503000565372,
    0.7481861100174747,
    1.9222100403148634
  ],
  "contacts": 15,
  "observation_mode": "partial",
  "scenario_name": "edge_crosswind_a",
  "policy_path": "/mnt/openfoam/pingpong-venv/progression/_staging/20260718T000609Z_policy_evolved_ci_20260718T000608Z/policy.py",
  "policy_sha256": "71d3d7232ee3b81d85e540c57e00488dcf7225f336ca7eecae1a31cef5b08f2c",
  "phase_notes": null
}