{
  "score": 0.21863724638535917,
  "hard_success": 0,
  "bounced_gate_passes": 2,
  "bounced_gate_pass": [
    1,
    1,
    0,
    0
  ],
  "raw_gates_passed": 2,
  "drone_windows_passed": 1,
  "target_box_score": 0.0,
  "target_box_entered": 0,
  "safety_score": 0.0,
  "drone_crash": 0,
  "max_tilt_deg": 70.15632994504713,
  "max_action_N": 13.0,
  "final_ball_pos": [
    1.7771902068818968,
    1.7201075568954631,
    0.05994845388341117
  ],
  "final_drone_pos": [
    0.9968304628165807,
    1.334237645037997,
    1.4032752211495638
  ],
  "contacts": 7,
  "observation_mode": "partial",
  "scenario_name": "range_424242_014",
  "policy_path": "/opt/pingpong/progression/_staging/20260718T152101Z_policy_evolved_g202/policy.py",
  "policy_sha256": "3700811d2272dfd3258ea17c06e1857dab6db2bc83f5d4d1c6ec2511d4e4aeab",
  "phase_notes": null
}