{
  "score": 0.25932,
  "hard_success": 0,
  "bounced_gate_passes": 3,
  "bounced_gate_pass": [
    1,
    1,
    1,
    0
  ],
  "raw_gates_passed": 3,
  "drone_windows_passed": 1,
  "target_box_score": 0.0,
  "target_box_entered": 0,
  "safety_score": 0.0,
  "drone_crash": 1,
  "max_tilt_deg": 65.60271094934322,
  "max_action_N": 13.0,
  "final_ball_pos": [
    4.9329156027309,
    1.2217550367020733,
    0.05994788071915975
  ],
  "final_drone_pos": [
    3.9504518867733114,
    2.6100470590278473,
    0.7313130131818021
  ],
  "contacts": 52,
  "observation_mode": "partial",
  "scenario_name": "nominal",
  "policy_path": "/mnt/openfoam/pingpong-venv/progression/_staging/20260716T040410Z_policy_evolved_ci_20260715T185748Z/policy.py",
  "policy_sha256": "693a5015ca10e26ae508464fd070031cf18dae76e2ed44cda0f4a12efa56724f",
  "phase_notes": null
}