{
  "score": 0.20759999999999998,
  "hard_success": 0,
  "bounced_gate_passes": 2,
  "bounced_gate_pass": [
    1,
    1,
    0,
    0
  ],
  "raw_gates_passed": 2,
  "drone_windows_passed": 1,
  "target_box_score": 0.0,
  "target_box_entered": 0,
  "safety_score": 0.0,
  "drone_crash": 1,
  "max_tilt_deg": 178.5428847046326,
  "max_action_N": 13.0,
  "final_ball_pos": [
    7.8084529701356145,
    5.343388987292177,
    0.05994788080403312
  ],
  "final_drone_pos": [
    4.910426958256987,
    1.293484187943821,
    0.26914676469853355
  ],
  "contacts": 8,
  "observation_mode": "partial",
  "scenario_name": "range_424242_000",
  "policy_path": "/mnt/openfoam/pingpong-venv/progression/_staging/20260716T035214Z_policy_evolved_ci_20260715T185748Z/policy.py",
  "policy_sha256": "57d90abce68b974106451260f5d1af1d782bba9bd23e67109f95c6225d89434f",
  "phase_notes": null
}