{
  "score": 0.20759999999999998,
  "hard_success": 0,
  "bounced_gate_passes": 2,
  "bounced_gate_pass": [
    1,
    1,
    0,
    0
  ],
  "raw_gates_passed": 2,
  "drone_windows_passed": 0,
  "target_box_score": 0.0,
  "target_box_entered": 0,
  "safety_score": 0.4817188150753918,
  "drone_crash": 0,
  "max_tilt_deg": 77.9570296231152,
  "max_action_N": 13.0,
  "final_ball_pos": [
    3.971697886215156,
    3.4324565414677664,
    0.059947880780643434
  ],
  "final_drone_pos": [
    2.9765369687821934,
    -5.774323041663583,
    1.3701702287857678
  ],
  "contacts": 6,
  "observation_mode": "partial",
  "scenario_name": "range_424242_014",
  "policy_path": "/mnt/openfoam/pingpong-venv/progression/_staging/20260717T092151Z_policy_evolved_ci_20260717T092150Z/policy.py",
  "policy_sha256": "4f54b95cd1256927a4e2ed02aefbd2e52a4a90a0525f7e3270b1fac16d51f6fb",
  "phase_notes": null
}