{
  "score": 0.15059999999999998,
  "hard_success": 0,
  "bounced_gate_passes": 1,
  "bounced_gate_pass": [
    1,
    0,
    0,
    0
  ],
  "raw_gates_passed": 1,
  "drone_windows_passed": 1,
  "target_box_score": 0.0,
  "target_box_entered": 0,
  "safety_score": 0.0,
  "drone_crash": 1,
  "max_tilt_deg": 179.99992717355838,
  "max_action_N": 13.0,
  "final_ball_pos": [
    2.881634039267532,
    -0.232485633867777,
    0.0599478807118298
  ],
  "final_drone_pos": [
    2.434046213990105,
    0.6610813733242015,
    0.24797818581313064
  ],
  "contacts": 20,
  "observation_mode": "partial",
  "scenario_name": "range_424242_015",
  "policy_path": "/mnt/openfoam/pingpong-venv/progression/_staging/20260717T202004Z_policy_evolved_ci_20260717T202004Z/policy.py",
  "policy_sha256": "87993937d6ac68043d83ff00f9110868da621e1d0c5864528ac7720a711005e3",
  "phase_notes": null
}