{
  "score": 0.126,
  "hard_success": 0,
  "bounced_gate_passes": 1,
  "bounced_gate_pass": [
    1,
    0,
    0,
    0
  ],
  "raw_gates_passed": 1,
  "drone_windows_passed": 1,
  "target_box_score": 0.0,
  "target_box_entered": 0,
  "safety_score": 0.0,
  "drone_crash": 1,
  "max_tilt_deg": 93.79456710959187,
  "max_action_N": 13.0,
  "final_ball_pos": [
    2.4661317692279114,
    -9.756530695837915,
    0.05996879329527971
  ],
  "final_drone_pos": [
    3.8281909886956953,
    1.0075218458976443,
    0.8883591592013458
  ],
  "contacts": 166,
  "observation_mode": "partial",
  "scenario_name": "edge_initial_offsets_a",
  "policy_path": "/mnt/openfoam/pingpong-venv/progression/_staging/20260717T155828Z_policy_evolved_ci_20260717T155828Z/policy.py",
  "policy_sha256": "9ef6187dba79d89023439c19ecc4320a89a047b608538d041726c15186c1a4fb",
  "phase_notes": null
}