{
  "score": 0.20219999999999996,
  "hard_success": 0,
  "bounced_gate_passes": 2,
  "bounced_gate_pass": [
    1,
    1,
    0,
    0
  ],
  "raw_gates_passed": 2,
  "drone_windows_passed": 3,
  "target_box_score": 0.0,
  "target_box_entered": 0,
  "safety_score": 0.0,
  "drone_crash": 1,
  "max_tilt_deg": 111.56555786833793,
  "max_action_N": 12.941668201624289,
  "final_ball_pos": [
    3.8548131645900874,
    2.578735198214445,
    0.059947880937538056
  ],
  "final_drone_pos": [
    6.1911194507607625,
    2.2686923127787697,
    1.3949121197917282
  ],
  "contacts": 3,
  "observation_mode": "partial",
  "scenario_name": "range_424242_011",
  "policy_path": "/mnt/openfoam/pingpong-venv/progression/_staging/20260714T200611Z_policy_evolved_g7/policy.py",
  "policy_sha256": "74c51de109f0055d472792994a437f1cef479e841b66ed4e5201bae60c8d0d91",
  "phase_notes": null
}