{
  "score": 0.20759999999999998,
  "hard_success": 0,
  "bounced_gate_passes": 2,
  "bounced_gate_pass": [
    1,
    1,
    0,
    0
  ],
  "raw_gates_passed": 2,
  "drone_windows_passed": 0,
  "target_box_score": 0.0,
  "target_box_entered": 0,
  "safety_score": 0.0,
  "drone_crash": 1,
  "max_tilt_deg": 155.6153916946645,
  "max_action_N": 13.0,
  "final_ball_pos": [
    2.9856012490846036,
    9.109863689746865,
    0.05995270751510085
  ],
  "final_drone_pos": [
    6.639890433008927,
    24.00965719195095,
    1.3699729039913406
  ],
  "contacts": 11,
  "observation_mode": "partial",
  "scenario_name": "ball_y_pos",
  "policy_path": "/opt/pingpong/progression/_staging/20260718T152101Z_policy_evolved_g202/policy.py",
  "policy_sha256": "3700811d2272dfd3258ea17c06e1857dab6db2bc83f5d4d1c6ec2511d4e4aeab",
  "phase_notes": null
}