{
  "score": 0.22094928114462067,
  "hard_success": 0,
  "bounced_gate_passes": 2,
  "bounced_gate_pass": [
    1,
    1,
    0,
    0
  ],
  "raw_gates_passed": 2,
  "drone_windows_passed": 0,
  "target_box_score": 0.0,
  "target_box_entered": 0,
  "safety_score": 0.0,
  "drone_crash": 1,
  "max_tilt_deg": 149.25420614462746,
  "max_action_N": 13.0,
  "final_ball_pos": [
    0.241097535692014,
    0.8432951202240342,
    0.05995974622389187
  ],
  "final_drone_pos": [
    0.6858967865842978,
    3.871339516289495,
    0.016836847631501225
  ],
  "contacts": 7,
  "observation_mode": "partial",
  "scenario_name": "range_424242_014",
  "policy_path": "/mnt/openfoam/pingpong-venv/progression/_staging/20260719T184519Z_policy_v230/policy.py",
  "policy_sha256": "f6b3cba7cbc7117a69617e6cdfb85a5328a20dc316191c23a0f6088ca81131f6",
  "phase_notes": null
}