{
  "score": 0.21574925700737405,
  "hard_success": 0,
  "bounced_gate_passes": 2,
  "bounced_gate_pass": [
    1,
    1,
    0,
    0
  ],
  "raw_gates_passed": 2,
  "drone_windows_passed": 0,
  "target_box_score": 0.0,
  "target_box_entered": 0,
  "safety_score": 0.0,
  "drone_crash": 1,
  "max_tilt_deg": 177.9370278631529,
  "max_action_N": 13.0,
  "final_ball_pos": [
    0.8346467568472693,
    9.143147561191043,
    0.05995654940392378
  ],
  "final_drone_pos": [
    3.5550757003709053,
    3.9989375162721927,
    0.2724100408145524
  ],
  "contacts": 5,
  "observation_mode": "partial",
  "scenario_name": "range_424242_002",
  "policy_path": "/mnt/openfoam/pingpong-venv/progression/_staging/20260716T035214Z_policy_evolved_ci_20260715T185748Z/policy.py",
  "policy_sha256": "57d90abce68b974106451260f5d1af1d782bba9bd23e67109f95c6225d89434f",
  "phase_notes": null
}