{
  "score": 0.126,
  "hard_success": 0,
  "bounced_gate_passes": 1,
  "bounced_gate_pass": [
    1,
    0,
    0,
    0
  ],
  "raw_gates_passed": 1,
  "drone_windows_passed": 0,
  "target_box_score": 0.0,
  "target_box_entered": 0,
  "safety_score": 0.0,
  "drone_crash": 1,
  "max_tilt_deg": 53.290836294453925,
  "max_action_N": 13.0,
  "final_ball_pos": [
    -0.5925184604461571,
    -8.839924748228912,
    0.059981782294977554
  ],
  "final_drone_pos": [
    6.072061415236461,
    1.455847320933783,
    2.8650898971348853
  ],
  "contacts": 164,
  "observation_mode": "partial",
  "scenario_name": "edge_initial_offsets_a",
  "policy_path": "/mnt/openfoam/pingpong-venv/progression/_staging/20260715T215125Z_policy_evolved_ci_20260715T185748Z/policy.py",
  "policy_sha256": "8c1c5038fb5d9ec04fbb25019c2925a1cdc0fa1d89bfad3bbc8474564cef8aff",
  "phase_notes": null
}