{
  "score": 0.1337736,
  "hard_success": 0,
  "bounced_gate_passes": 1,
  "bounced_gate_pass": [
    1,
    0,
    0,
    0
  ],
  "raw_gates_passed": 1,
  "drone_windows_passed": 0,
  "target_box_score": 0.0,
  "target_box_entered": 0,
  "safety_score": 0.0,
  "drone_crash": 0,
  "max_tilt_deg": 40.0712028259693,
  "max_action_N": 13.0,
  "final_ball_pos": [
    3.220556980539982,
    -2.9243887590388424,
    0.05994788067800673
  ],
  "final_drone_pos": [
    4.693076080601617,
    1.4654826090090909,
    2.5738639293091237
  ],
  "contacts": 99,
  "observation_mode": "partial",
  "scenario_name": "edge_initial_offsets_a",
  "policy_path": "/mnt/openfoam/pingpong-venv/repair_work/policy_v109.py",
  "policy_sha256": "1ebde33bd5926232ae5680ae056803c6fdf8adcaae6993972ceed3525407d020",
  "phase_notes": null
}