{
  "score": 0.20954787723403395,
  "hard_success": 0,
  "bounced_gate_passes": 2,
  "bounced_gate_pass": [
    1,
    1,
    0,
    0
  ],
  "raw_gates_passed": 2,
  "drone_windows_passed": 1,
  "target_box_score": 0.0,
  "target_box_entered": 0,
  "safety_score": 0.0,
  "drone_crash": 1,
  "max_tilt_deg": 179.99998083282918,
  "max_action_N": 12.941668201624289,
  "final_ball_pos": [
    7.390487574649611,
    4.951979584746624,
    0.05995791056494844
  ],
  "final_drone_pos": [
    2.979393641098298,
    2.59788699342192,
    0.24796828535463322
  ],
  "contacts": 3,
  "observation_mode": "partial",
  "scenario_name": "range_424242_011",
  "policy_path": "/mnt/openfoam/pingpong-venv/progression/_staging/20260715T190136Z_policy_evolved_ci_20260715T185748Z/policy.py",
  "policy_sha256": "a96d404652ea9a969d26c6dbf02e408563c10194096d89d670f3b961f1e0db0d",
  "phase_notes": null
}