{
  "score": 0.19391999999999998,
  "hard_success": 0,
  "bounced_gate_passes": 2,
  "bounced_gate_pass": [
    1,
    1,
    0,
    0
  ],
  "raw_gates_passed": 2,
  "drone_windows_passed": 0,
  "target_box_score": 0.0,
  "target_box_entered": 0,
  "safety_score": 0.0,
  "drone_crash": 1,
  "max_tilt_deg": 82.0690218876348,
  "max_action_N": 13.0,
  "final_ball_pos": [
    -3.017757979532672,
    2.3320237611302246,
    0.05995937855311695
  ],
  "final_drone_pos": [
    3.3714825096484424,
    3.3118625779599533,
    0.00371900377689477
  ],
  "contacts": 87,
  "observation_mode": "partial",
  "scenario_name": "edge_jitter_only",
  "policy_path": "/mnt/openfoam/pingpong-venv/progression/_staging/20260716T040410Z_policy_evolved_ci_20260715T185748Z/policy.py",
  "policy_sha256": "693a5015ca10e26ae508464fd070031cf18dae76e2ed44cda0f4a12efa56724f",
  "phase_notes": null
}