{
  "score": 0.19584000000000001,
  "hard_success": 0,
  "bounced_gate_passes": 2,
  "bounced_gate_pass": [
    1,
    1,
    0,
    0
  ],
  "raw_gates_passed": 3,
  "drone_windows_passed": 0,
  "target_box_score": 0.0,
  "target_box_entered": 0,
  "safety_score": 0.0,
  "drone_crash": 1,
  "max_tilt_deg": 153.92873816117773,
  "max_action_N": 13.0,
  "final_ball_pos": [
    4.387311245993358,
    2.273284703092311,
    0.05994788097207901
  ],
  "final_drone_pos": [
    3.8089598898369452,
    0.8726567489134457,
    1.1193715095287182
  ],
  "contacts": 79,
  "observation_mode": "partial",
  "scenario_name": "range_424242_009",
  "policy_path": "/mnt/openfoam/pingpong-venv/progression/_staging/20260718T000609Z_policy_evolved_ci_20260718T000608Z/policy.py",
  "policy_sha256": "71d3d7232ee3b81d85e540c57e00488dcf7225f336ca7eecae1a31cef5b08f2c",
  "phase_notes": null
}