{
  "score": 0.20219999999999996,
  "hard_success": 0,
  "bounced_gate_passes": 2,
  "bounced_gate_pass": [
    1,
    1,
    0,
    0
  ],
  "raw_gates_passed": 2,
  "drone_windows_passed": 1,
  "target_box_score": 0.0,
  "target_box_entered": 0,
  "safety_score": 0.0,
  "drone_crash": 1,
  "max_tilt_deg": 161.3554575658245,
  "max_action_N": 13.0,
  "final_ball_pos": [
    0.41913524769808025,
    4.9077988583217484,
    0.059947879790145264
  ],
  "final_drone_pos": [
    13.128054598474979,
    8.504140326407713,
    1.3713906830990106
  ],
  "contacts": 3,
  "observation_mode": "partial",
  "scenario_name": "range_424242_011",
  "policy_path": "/mnt/openfoam/pingpong-venv/progression/_staging/20260714T194647Z_policy_evolved_g3/policy.py",
  "policy_sha256": "a68d562d62beeadb131da6397bf070e9c7a95a9e2869e811e3e9a16ee48a8657",
  "phase_notes": null
}