{
  "score": 0.168,
  "hard_success": 0,
  "bounced_gate_passes": 2,
  "bounced_gate_pass": [
    1,
    1,
    0,
    0
  ],
  "raw_gates_passed": 2,
  "drone_windows_passed": 0,
  "target_box_score": 0.0,
  "target_box_entered": 0,
  "safety_score": 0.0,
  "drone_crash": 1,
  "max_tilt_deg": 48.39530121824726,
  "max_action_N": 12.941668201624289,
  "final_ball_pos": [
    10.880740856696343,
    11.5305670496881,
    0.05995972405440246
  ],
  "final_drone_pos": [
    18.174425027518154,
    20.86243705155905,
    0.2778076583139394
  ],
  "contacts": 132,
  "observation_mode": "partial",
  "scenario_name": "ball_y_pos",
  "policy_path": "repair_work/policy_named.py",
  "policy_sha256": "5e1778704552c97ce64bd08e0818742852ce755ddcc1a9a077670368a84d9404",
  "phase_notes": null
}