{
  "score": 0.126294,
  "hard_success": 0,
  "bounced_gate_passes": 1,
  "bounced_gate_pass": [
    1,
    0,
    0,
    0
  ],
  "raw_gates_passed": 4,
  "drone_windows_passed": 2,
  "target_box_score": 0.0,
  "target_box_entered": 0,
  "safety_score": 0.0,
  "drone_crash": 1,
  "max_tilt_deg": 97.62605197461724,
  "max_action_N": 13.0,
  "final_ball_pos": [
    9.11988106578954,
    1.461972280183888,
    0.059947881254454834
  ],
  "final_drone_pos": [
    3.76312385563262,
    1.3457216160102203,
    0.9121365913463514
  ],
  "contacts": 119,
  "observation_mode": "partial",
  "scenario_name": "range_424242_003",
  "policy_path": "/mnt/openfoam/pingpong-venv/progression/_staging/20260716T035214Z_policy_evolved_ci_20260715T185748Z/policy.py",
  "policy_sha256": "57d90abce68b974106451260f5d1af1d782bba9bd23e67109f95c6225d89434f",
  "phase_notes": null
}