{
  "score": 0.7119471426589535,
  "hard_success": 0,
  "bounced_gate_passes": 4,
  "bounced_gate_pass": [
    1,
    1,
    1,
    1
  ],
  "raw_gates_passed": 4,
  "drone_windows_passed": 0,
  "target_box_score": 0.9999999999796632,
  "target_box_entered": 1,
  "safety_score": 0.0,
  "drone_crash": 1,
  "max_tilt_deg": 94.04032909800316,
  "max_action_N": 12.941668201624289,
  "final_ball_pos": [
    6.204993208090194,
    2.531320969222676,
    0.10891543788444137
  ],
  "final_drone_pos": [
    8.742666632635611,
    -2.60851598770802,
    4.461999101371752
  ],
  "contacts": 14,
  "observation_mode": "partial",
  "scenario_name": "nominal",
  "policy_path": "repair_work/policy_course.py",
  "policy_sha256": "d96aef3c84a241ab79a8f0573d32738199d0d92fc616360d8536d18003cf2699",
  "phase_notes": null
}