{
  "score": 0.3836194366450752,
  "hard_success": 0,
  "bounced_gate_passes": 4,
  "bounced_gate_pass": [
    1,
    1,
    1,
    1
  ],
  "raw_gates_passed": 4,
  "drone_windows_passed": 0,
  "target_box_score": 0.0,
  "target_box_entered": 0,
  "safety_score": 1.0,
  "drone_crash": 0,
  "max_tilt_deg": 60.81158486453905,
  "max_action_N": 13.0,
  "final_ball_pos": [
    17.69270107444629,
    2.42319986748746,
    0.05996103806688109
  ],
  "final_drone_pos": [
    16.714252745576562,
    21.33665226569851,
    2.152685524618336
  ],
  "contacts": 12,
  "observation_mode": "partial",
  "scenario_name": "ball_x_pos",
  "policy_path": "repair_work/policy_course.py",
  "policy_sha256": "d96aef3c84a241ab79a8f0573d32738199d0d92fc616360d8536d18003cf2699",
  "phase_notes": null
}