{
  "score": 0.2646,
  "hard_success": 0,
  "bounced_gate_passes": 3,
  "bounced_gate_pass": [
    1,
    1,
    0,
    1
  ],
  "raw_gates_passed": 4,
  "drone_windows_passed": 0,
  "target_box_score": 0.0,
  "target_box_entered": 0,
  "safety_score": 0.0,
  "drone_crash": 1,
  "max_tilt_deg": 96.66175124369981,
  "max_action_N": 13.0,
  "final_ball_pos": [
    10.273464038906068,
    4.707814185858967,
    0.05994788055515958
  ],
  "final_drone_pos": [
    4.517316168175935,
    0.7619112336687645,
    0.8165216044596514
  ],
  "contacts": 26,
  "observation_mode": "partial",
  "scenario_name": "range_424242_005",
  "policy_path": "/opt/pingpong/progression/_staging/20260718T175806Z_policy_evolved_g814/policy.py",
  "policy_sha256": "4bb0cdf8df156ebe743b4cf6ae9ae36553aa70a13b7f53d556babec72d70b6c6",
  "phase_notes": null
}