{
  "score": 0.20568,
  "hard_success": 0,
  "bounced_gate_passes": 2,
  "bounced_gate_pass": [
    1,
    1,
    0,
    0
  ],
  "raw_gates_passed": 3,
  "drone_windows_passed": 1,
  "target_box_score": 0.0,
  "target_box_entered": 0,
  "safety_score": 0.0,
  "drone_crash": 1,
  "max_tilt_deg": 104.2269869252285,
  "max_action_N": 13.0,
  "final_ball_pos": [
    1.664573707565141,
    5.720998824451412,
    0.05995083653659463
  ],
  "final_drone_pos": [
    3.345466935960343,
    0.5841039754312041,
    0.19518458475578213
  ],
  "contacts": 38,
  "observation_mode": "partial",
  "scenario_name": "edge_high_slow_delay3",
  "policy_path": "/mnt/openfoam/pingpong-venv/progression/_staging/20260716T040613Z_policy_evolved_ci_20260715T185748Z/policy.py",
  "policy_sha256": "d4fe19d749d7fff03e2ae9664e7a3d6102fd36b74fb9d1b1a10d38eaf1be1273",
  "phase_notes": null
}