{
  "score": 0.19632,
  "hard_success": 0,
  "bounced_gate_passes": 2,
  "bounced_gate_pass": [
    1,
    1,
    0,
    0
  ],
  "raw_gates_passed": 3,
  "drone_windows_passed": 0,
  "target_box_score": 0.0,
  "target_box_entered": 0,
  "safety_score": 0.0,
  "drone_crash": 1,
  "max_tilt_deg": 118.13423457664452,
  "max_action_N": 13.0,
  "final_ball_pos": [
    4.335772158148601,
    2.7004646983534473,
    0.059947880897801765
  ],
  "final_drone_pos": [
    5.208079543244067,
    2.163029901856784,
    0.3382899451817022
  ],
  "contacts": 77,
  "observation_mode": "partial",
  "scenario_name": "range_424242_009",
  "policy_path": "/mnt/openfoam/pingpong-venv/progression/_staging/20260717T235628Z_policy_evolved_ci_20260717T235628Z/policy.py",
  "policy_sha256": "29367b01d3c34bdb09ea40c9868f88f15fd442b3c53058c2ed239e89b4400c36",
  "phase_notes": null
}