{
  "score": 0.0323817732520511,
  "hard_success": 0,
  "bounced_gate_passes": 0,
  "bounced_gate_pass": [
    0,
    0,
    0,
    0
  ],
  "raw_gates_passed": 0,
  "drone_windows_passed": 0,
  "target_box_score": 0.0,
  "target_box_entered": 0,
  "safety_score": 0.0,
  "drone_crash": 0,
  "max_tilt_deg": 34.935357088472124,
  "max_action_N": 8.991651207099256,
  "final_ball_pos": [
    2.231688174163548,
    -1.89739531253911,
    0.05152160139701046
  ],
  "final_drone_pos": [
    0.6204043917595267,
    -1.9176197027616426,
    0.6737904058524451
  ],
  "contacts": 8,
  "observation_mode": "partial",
  "scenario_name": "edge_crosswind_b",
  "policy_path": "/mnt/openfoam/pingpong-venv/progression/_staging/20260724T035857Z_policy_juggle_ok_20260723T142740Z/policy.py",
  "policy_sha256": "1f49d5806d788df388a0edffedd42f442295fb32f7940c19d214e02d7399e417",
  "phase_notes": null
}