{
  "score": 0.39282530652941555,
  "hard_success": 0,
  "bounced_gate_passes": 4,
  "bounced_gate_pass": [
    1,
    1,
    1,
    1
  ],
  "raw_gates_passed": 4,
  "drone_windows_passed": 0,
  "target_box_score": 0.0,
  "target_box_entered": 0,
  "safety_score": 1.0,
  "drone_crash": 0,
  "max_tilt_deg": 50.17094684477895,
  "max_action_N": 13.0,
  "final_ball_pos": [
    13.001762600043826,
    2.916476886259707,
    0.05995223583545676
  ],
  "final_drone_pos": [
    8.867468002486543,
    0.909998208943261,
    0.8355714946819466
  ],
  "contacts": 8,
  "observation_mode": "partial",
  "scenario_name": "low_fast",
  "policy_path": "/mnt/openfoam/pingpong-venv/repair_work/policy_v109.py",
  "policy_sha256": "1ebde33bd5926232ae5680ae056803c6fdf8adcaae6993972ceed3525407d020",
  "phase_notes": null
}