{
  "score": 0.13979999999999998,
  "hard_success": 0,
  "bounced_gate_passes": 1,
  "bounced_gate_pass": [
    1,
    0,
    0,
    0
  ],
  "raw_gates_passed": 2,
  "drone_windows_passed": 0,
  "target_box_score": 0.0,
  "target_box_entered": 0,
  "safety_score": 0.0,
  "drone_crash": 1,
  "max_tilt_deg": 172.00218286864063,
  "max_action_N": 13.0,
  "final_ball_pos": [
    3.233488114359008,
    3.550090425936138,
    0.059947881195644065
  ],
  "final_drone_pos": [
    15.1113585312592,
    -5.036369354364146,
    3.4029977979371937
  ],
  "contacts": 21,
  "observation_mode": "partial",
  "scenario_name": "range_424242_013",
  "policy_path": "/opt/pingpong/progression/_staging/20260718T152101Z_policy_evolved_g202/policy.py",
  "policy_sha256": "3700811d2272dfd3258ea17c06e1857dab6db2bc83f5d4d1c6ec2511d4e4aeab",
  "phase_notes": null
}