{
  "score": 0.168,
  "hard_success": 0,
  "bounced_gate_passes": 2,
  "bounced_gate_pass": [
    1,
    1,
    0,
    0
  ],
  "raw_gates_passed": 2,
  "drone_windows_passed": 0,
  "target_box_score": 0.0,
  "target_box_entered": 0,
  "safety_score": 0.0,
  "drone_crash": 1,
  "max_tilt_deg": 170.90085516395442,
  "max_action_N": 13.0,
  "final_ball_pos": [
    4.569358918495574,
    -0.5352721971507733,
    0.05948848005925866
  ],
  "final_drone_pos": [
    4.54038601186755,
    -0.14745291657972695,
    0.3052688262436306
  ],
  "contacts": 465,
  "observation_mode": "partial",
  "scenario_name": "range_424242_012",
  "policy_path": "/mnt/openfoam/pingpong-venv/progression/_staging/20260719T193513Z_policy_v230/policy.py",
  "policy_sha256": "a1bbc532c8be579240d1e4db699db2eaa6894503b62aa6f1f37a7deb6c2cdd3d",
  "phase_notes": null
}