{
  "score": 0.19776,
  "hard_success": 0,
  "bounced_gate_passes": 2,
  "bounced_gate_pass": [
    1,
    1,
    0,
    0
  ],
  "raw_gates_passed": 3,
  "drone_windows_passed": 0,
  "target_box_score": 0.0,
  "target_box_entered": 0,
  "safety_score": 0.0,
  "drone_crash": 1,
  "max_tilt_deg": 122.14857623975922,
  "max_action_N": 13.0,
  "final_ball_pos": [
    4.468801255958068,
    2.5546701589530474,
    0.05994788093265054
  ],
  "final_drone_pos": [
    4.514142118235442,
    0.9887885288333177,
    0.3531369566039013
  ],
  "contacts": 71,
  "observation_mode": "partial",
  "scenario_name": "range_424242_009",
  "policy_path": "/opt/pingpong/progression/_staging/20260718T152101Z_policy_evolved_g202/policy.py",
  "policy_sha256": "3700811d2272dfd3258ea17c06e1857dab6db2bc83f5d4d1c6ec2511d4e4aeab",
  "phase_notes": null
}