{
  "score": 0.20219999999999996,
  "hard_success": 0,
  "bounced_gate_passes": 2,
  "bounced_gate_pass": [
    1,
    1,
    0,
    0
  ],
  "raw_gates_passed": 4,
  "drone_windows_passed": 1,
  "target_box_score": 0.0,
  "target_box_entered": 0,
  "safety_score": 0.0,
  "drone_crash": 1,
  "max_tilt_deg": 179.38724395715843,
  "max_action_N": 12.941668201624289,
  "final_ball_pos": [
    15.2817770319304,
    5.4074209223327365,
    0.05998148023592413
  ],
  "final_drone_pos": [
    9.501095597916558,
    4.7333831639488295,
    1.3773963414296448
  ],
  "contacts": 10,
  "observation_mode": "partial",
  "scenario_name": "edge_high_slow_delay3",
  "policy_path": "/mnt/openfoam/pingpong-venv/progression/_staging/20260716T041926Z_policy_evolved_ci_20260716T041925Z/policy.py",
  "policy_sha256": "72762254253b8dd2212362f1f1816f5385dc0006eba017f74caa3948e93b6331",
  "phase_notes": null
}