{
  "score": 0.168,
  "hard_success": 0,
  "bounced_gate_passes": 2,
  "bounced_gate_pass": [
    1,
    1,
    0,
    0
  ],
  "raw_gates_passed": 3,
  "drone_windows_passed": 0,
  "target_box_score": 0.0,
  "target_box_entered": 0,
  "safety_score": 0.0,
  "drone_crash": 0,
  "max_tilt_deg": 49.763058354635035,
  "max_action_N": 12.941668201624289,
  "final_ball_pos": [
    6.8712390462035104,
    -1.9793734097397016,
    0.059956885006846185
  ],
  "final_drone_pos": [
    8.304218415044007,
    -1.9339730562900705,
    1.37566388358108
  ],
  "contacts": 126,
  "observation_mode": "partial",
  "scenario_name": "edge_jitter_only",
  "policy_path": "/mnt/openfoam/pingpong-venv/progression/_staging/20260716T035214Z_policy_evolved_ci_20260715T185748Z/policy.py",
  "policy_sha256": "57d90abce68b974106451260f5d1af1d782bba9bd23e67109f95c6225d89434f",
  "phase_notes": null
}