{
  "score": 0.3476145532771928,
  "hard_success": 0,
  "bounced_gate_passes": 4,
  "bounced_gate_pass": [
    1,
    1,
    1,
    1
  ],
  "raw_gates_passed": 4,
  "drone_windows_passed": 1,
  "target_box_score": 0.0,
  "target_box_entered": 0,
  "safety_score": 0.0,
  "drone_crash": 1,
  "max_tilt_deg": 157.54003026478424,
  "max_action_N": 13.0,
  "final_ball_pos": [
    13.656704365237786,
    2.895168829429551,
    0.05997038129859128
  ],
  "final_drone_pos": [
    6.17030574725763,
    1.4475331273122838,
    1.659132788915858
  ],
  "contacts": 6,
  "observation_mode": "partial",
  "scenario_name": "range_424242_011",
  "policy_path": "/mnt/openfoam/pingpong-venv/progression/_staging/20260719T171956Z_policy_remo_late_lock/policy.py",
  "policy_sha256": "2dcc97a037363793d0f488006d34b06a6dde1221860fb9f81283a1e9ecd61fe1",
  "phase_notes": null
}