{
  "score": 0.126,
  "hard_success": 0,
  "bounced_gate_passes": 1,
  "bounced_gate_pass": [
    1,
    0,
    0,
    0
  ],
  "raw_gates_passed": 1,
  "drone_windows_passed": 1,
  "target_box_score": 0.0,
  "target_box_entered": 0,
  "safety_score": 0.0,
  "drone_crash": 1,
  "max_tilt_deg": 85.47831234869169,
  "max_action_N": 13.0,
  "final_ball_pos": [
    2.429992900248162,
    -9.74087867850906,
    0.059968752292952454
  ],
  "final_drone_pos": [
    3.663174538256886,
    0.8708958830753156,
    0.5601244855435688
  ],
  "contacts": 159,
  "observation_mode": "partial",
  "scenario_name": "edge_initial_offsets_a",
  "policy_path": "/mnt/openfoam/pingpong-venv/progression/_staging/20260717T092151Z_policy_evolved_ci_20260717T092150Z/policy.py",
  "policy_sha256": "4f54b95cd1256927a4e2ed02aefbd2e52a4a90a0525f7e3270b1fac16d51f6fb",
  "phase_notes": null
}