{
  "score": 0.1956,
  "hard_success": 0,
  "bounced_gate_passes": 2,
  "bounced_gate_pass": [
    1,
    1,
    0,
    0
  ],
  "raw_gates_passed": 2,
  "drone_windows_passed": 0,
  "target_box_score": 0.0,
  "target_box_entered": 0,
  "safety_score": 0.0,
  "drone_crash": 1,
  "max_tilt_deg": 48.39530121824726,
  "max_action_N": 12.941668201624289,
  "final_ball_pos": [
    5.819921754695672,
    2.7603216100748895,
    0.05994788075908797
  ],
  "final_drone_pos": [
    6.189500508733433,
    7.714223109767631,
    2.727204781382063
  ],
  "contacts": 80,
  "observation_mode": "partial",
  "scenario_name": "ball_y_pos",
  "policy_path": "repair_work/policy_course.py",
  "policy_sha256": "d96aef3c84a241ab79a8f0573d32738199d0d92fc616360d8536d18003cf2699",
  "phase_notes": null
}