{
  "score": 0.027101948693710836,
  "hard_success": 0,
  "bounced_gate_passes": 0,
  "bounced_gate_pass": [
    0,
    0,
    0,
    0
  ],
  "raw_gates_passed": 0,
  "drone_windows_passed": 0,
  "target_box_score": 0.0,
  "target_box_entered": 0,
  "safety_score": 0.0,
  "drone_crash": 1,
  "max_tilt_deg": 163.13104677077132,
  "max_action_N": 9.96001071423942,
  "final_ball_pos": [
    0.009501475144371578,
    2.7479768487750085,
    0.05298004990536229
  ],
  "final_drone_pos": [
    -1.0208505058373403,
    3.2640406706416356,
    0.435698123773274
  ],
  "contacts": 5,
  "observation_mode": "partial",
  "scenario_name": "range_424242_000",
  "policy_path": "/mnt/openfoam/pingpong-venv/progression/_staging/20260724T035857Z_policy_juggle_ok_20260723T142740Z/policy.py",
  "policy_sha256": "1f49d5806d788df388a0edffedd42f442295fb32f7940c19d214e02d7399e417",
  "phase_notes": null
}