{
  "score": 0.20759999999999998,
  "hard_success": 0,
  "bounced_gate_passes": 2,
  "bounced_gate_pass": [
    1,
    1,
    0,
    0
  ],
  "raw_gates_passed": 3,
  "drone_windows_passed": 1,
  "target_box_score": 0.0,
  "target_box_entered": 1,
  "safety_score": 0.0,
  "drone_crash": 1,
  "max_tilt_deg": 177.8113793569624,
  "max_action_N": 12.941668201624289,
  "final_ball_pos": [
    7.050000000009105,
    2.6898099568822325,
    0.10891543788296262
  ],
  "final_drone_pos": [
    9.659279653455245,
    3.320914080407663,
    0.2848420954378884
  ],
  "contacts": 26,
  "observation_mode": "partial",
  "scenario_name": "edge_noise_delay6",
  "policy_path": "/opt/pingpong/progression/_staging/20260718T175806Z_policy_evolved_g814/policy.py",
  "policy_sha256": "4bb0cdf8df156ebe743b4cf6ae9ae36553aa70a13b7f53d556babec72d70b6c6",
  "phase_notes": null
}