{
  "score": 0.20712,
  "hard_success": 0,
  "bounced_gate_passes": 2,
  "bounced_gate_pass": [
    1,
    1,
    0,
    0
  ],
  "raw_gates_passed": 2,
  "drone_windows_passed": 0,
  "target_box_score": 0.0,
  "target_box_entered": 0,
  "safety_score": 0.0,
  "drone_crash": 1,
  "max_tilt_deg": 179.7294190566146,
  "max_action_N": 13.0,
  "final_ball_pos": [
    -10.561444908040686,
    -1.2079829350925841,
    0.05998521684134059
  ],
  "final_drone_pos": [
    -4.020589429732429,
    1.2606321264975584,
    0.303027270344461
  ],
  "contacts": 32,
  "observation_mode": "partial",
  "scenario_name": "range_424242_004",
  "policy_path": "/opt/pingpong/progression/_staging/20260718T175806Z_policy_evolved_g814/policy.py",
  "policy_sha256": "4bb0cdf8df156ebe743b4cf6ae9ae36553aa70a13b7f53d556babec72d70b6c6",
  "phase_notes": null
}