{
  "score": 0.13979999999999998,
  "hard_success": 0,
  "bounced_gate_passes": 1,
  "bounced_gate_pass": [
    1,
    0,
    0,
    0
  ],
  "raw_gates_passed": 2,
  "drone_windows_passed": 0,
  "target_box_score": 0.0,
  "target_box_entered": 0,
  "safety_score": 0.0,
  "drone_crash": 1,
  "max_tilt_deg": 172.00215316492506,
  "max_action_N": 13.0,
  "final_ball_pos": [
    3.233482356687152,
    3.550062930804234,
    0.05994788119587627
  ],
  "final_drone_pos": [
    15.736228575982354,
    -5.432094085126556,
    3.3869017272481297
  ],
  "contacts": 21,
  "observation_mode": "partial",
  "scenario_name": "range_424242_013",
  "policy_path": "/mnt/openfoam/pingpong-venv/progression/_staging/20260717T043509Z_policy_evolved_ci_20260717T043509Z/policy.py",
  "policy_sha256": "9a21bc6f0216acb51f41da7b23e396ab49ab4d85b2fe8448eb1ecd47b15bac95",
  "phase_notes": null
}