{
  "score": 0.19584000000000001,
  "hard_success": 0,
  "bounced_gate_passes": 2,
  "bounced_gate_pass": [
    1,
    1,
    0,
    0
  ],
  "raw_gates_passed": 3,
  "drone_windows_passed": 1,
  "target_box_score": 0.0,
  "target_box_entered": 0,
  "safety_score": 0.0,
  "drone_crash": 1,
  "max_tilt_deg": 168.34815379018758,
  "max_action_N": 13.0,
  "final_ball_pos": [
    4.3961491375380595,
    1.91818258843856,
    0.05994788073352587
  ],
  "final_drone_pos": [
    9.041090851048615,
    0.2926705994925286,
    2.049166645502709
  ],
  "contacts": 79,
  "observation_mode": "partial",
  "scenario_name": "range_424242_009",
  "policy_path": "/mnt/openfoam/pingpong-venv/progression/_staging/20260717T155828Z_policy_evolved_ci_20260717T155828Z/policy.py",
  "policy_sha256": "9ef6187dba79d89023439c19ecc4320a89a047b608538d041726c15186c1a4fb",
  "phase_notes": null
}