{
  "score": 0.20759999999999998,
  "hard_success": 0,
  "bounced_gate_passes": 2,
  "bounced_gate_pass": [
    1,
    1,
    0,
    0
  ],
  "raw_gates_passed": 2,
  "drone_windows_passed": 0,
  "target_box_score": 0.0,
  "target_box_entered": 0,
  "safety_score": 0.0,
  "drone_crash": 1,
  "max_tilt_deg": 153.6710101880327,
  "max_action_N": 12.941668201624289,
  "final_ball_pos": [
    4.131891313227861,
    2.745304504088343,
    0.05994788054173749
  ],
  "final_drone_pos": [
    3.8962931334598094,
    1.3137857097990973,
    0.3595232334824416
  ],
  "contacts": 15,
  "observation_mode": "partial",
  "scenario_name": "edge_crosswind_a",
  "policy_path": "/mnt/openfoam/pingpong-venv/progression/_staging/20260716T040410Z_policy_evolved_ci_20260715T185748Z/policy.py",
  "policy_sha256": "693a5015ca10e26ae508464fd070031cf18dae76e2ed44cda0f4a12efa56724f",
  "phase_notes": null
}