{
  "n_vert": 4,
  "juggle_success": true,
  "mean_vz": 1.6425724308260985,
  "max_r": 0.19191191092183943,
  "n_contact": 13,
  "camera": "juggle_close"
}