{
  "n_vert": 4,
  "juggle_success": true,
  "mean_vz": 2.3793588125588117,
  "n_contact": 9,
  "max_r": 0.22265344193242892,
  "camera": "review_wide"
}