{
  "score": 0.126,
  "hard_success": 0,
  "bounced_gate_passes": 1,
  "bounced_gate_pass": [
    1,
    0,
    0,
    0
  ],
  "raw_gates_passed": 1,
  "drone_windows_passed": 0,
  "target_box_score": 0.0,
  "target_box_entered": 0,
  "safety_score": 0.0,
  "drone_crash": 1,
  "max_tilt_deg": 53.891885678932724,
  "max_action_N": 13.0,
  "final_ball_pos": [
    2.012936596204348,
    -9.68332242294505,
    0.05996868858532016
  ],
  "final_drone_pos": [
    3.4200524531588785,
    2.5495602957723573,
    2.5729168005328784
  ],
  "contacts": 158,
  "observation_mode": "partial",
  "scenario_name": "edge_initial_offsets_a",
  "policy_path": "/mnt/openfoam/pingpong-venv/progression/_staging/20260716T040435Z_policy_evolved_ci_20260715T185748Z/policy.py",
  "policy_sha256": "cff965f2bb6fb4ca1fbf9dcf29284cb3ca78eec59db43264aac47d55c4ab1a7c",
  "phase_notes": null
}