{
  "score": 0.20759999999999998,
  "hard_success": 0,
  "bounced_gate_passes": 2,
  "bounced_gate_pass": [
    1,
    1,
    0,
    0
  ],
  "raw_gates_passed": 2,
  "drone_windows_passed": 0,
  "target_box_score": 0.0,
  "target_box_entered": 0,
  "safety_score": 0.0,
  "drone_crash": 1,
  "max_tilt_deg": 153.68087832956715,
  "max_action_N": 12.941668201624289,
  "final_ball_pos": [
    4.131891313227861,
    2.745304504088343,
    0.05994788054173749
  ],
  "final_drone_pos": [
    3.8962946876854785,
    1.2177204856039678,
    0.35952431818539493
  ],
  "contacts": 15,
  "observation_mode": "partial",
  "scenario_name": "edge_crosswind_a",
  "policy_path": "/mnt/openfoam/pingpong-venv/progression/_staging/20260716T042938Z_policy_evolved_ci_20260716T042938Z/policy.py",
  "policy_sha256": "1925147b8b21d620cc9f1c51bddaedaf5026c7b3fef018d4257d750cbd526dcb",
  "phase_notes": null
}