{
  "fit": [
    5,
    0,
    8,
    0,
    0.67727,
    -6,
    0.07953
  ],
  "success": true,
  "pairs": 8,
  "chain": 8,
  "min_chain": 0,
  "bg": 8,
  "wins": 9,
  "crash": true,
  "score": 0.07952882640781517,
  "shape": 0.677271,
  "n_vert": 37,
  "mean_up": 0.8972894726517469,
  "mean_vz": 3.6282224885077525,
  "max_r": 14.923,
  "verts": [],
  "cases": [
    {
      "fit": [
        1,
        0,
        0.09078,
        0.6387,
        -3
      ],
      "success": true,
      "pairs": 1,
      "chain": 1,
      "bg": 1,
      "wins": 1,
      "crash": true,
      "shape": 0.6387,
      "n_vert": 3,
      "mean_up": 0.9750818487883728,
      "mean_vz": 3.9197316438821113,
      "max_r": 2.649,
      "n_contact": 3,
      "win_miss": [
        0.292,
        0.81,
        1.979,
        3.366
      ],
      "max_dx": 2.711,
      "next_gate": 1,
      "case": "nominal",
      "score": 0.09078008922568945,
      "final_ball": [
        2.64947191606423,
        0.2988839228056482,
        0.059947880757937624
      ],
      "final_drone": [
        2.710618114826666,
        0.28420025789768943,
        1.4599879545573773
      ]
    },
    {
      "fit": [
        4,
        0,
        0.275,
        0.98983,
        -7
      ],
      "success": true,
      "pairs": 4,
      "chain": 4,
      "bg": 4,
      "wins": 4,
      "crash": true,
      "shape": 0.98983,
      "n_vert": 7,
      "mean_up": 0.754104117157946,
      "mean_vz": 3.449723963982073,
      "max_r": 14.923,
      "n_contact": 7,
      "win_miss": [
        0.585,
        0.505,
        0.334,
        0.311
      ],
      "max_dx": 15.693,
      "next_gate": 4,
      "case": "ball_x_pos",
      "score": 0.2750032525448016,
      "final_ball": [
        14.923030292603682,
        -0.8765527576137634,
        0.05992337910190691
      ],
      "final_drone": [
        13.624947533539531,
        -6.974255790341378,
        0.36134536330755185
      ]
    },
    {
      "fit": [
        1,
        0,
        0.07793,
        0.57005,
        -3
      ],
      "success": true,
      "pairs": 1,
      "chain": 1,
      "bg": 1,
      "wins": 1,
      "crash": true,
      "shape": 0.57005,
      "n_vert": 3,
      "mean_up": 0.9230413608100537,
      "mean_vz": 3.819372577463543,
      "max_r": 2.609,
      "n_contact": 3,
      "win_miss": [
        0.493,
        1.31,
        2.228,
        3.345
      ],
      "max_dx": 2.56,
      "next_gate": 1,
      "case": "ball_y_pos",
      "score": 0.07792510043495408,
      "final_ball": [
        2.608930061253592,
        1.293119546318588,
        0.05994788075908188
      ],
      "final_drone": [
        2.5469928896667104,
        2.0370604188347787,
        0.3599720091841241
      ]
    },
    {
      "fit": [
        1,
        0,
        0.08378,
        0.86245,
        -4
      ],
      "success": true,
      "pairs": 1,
      "chain": 1,
      "bg": 1,
      "wins": 1,
      "crash": true,
      "shape": 0.86245,
      "n_vert": 4,
      "mean_up": 0.93872934492091,
      "mean_vz": 3.761495165482131,
      "max_r": 3.857,
      "n_contact": 4,
      "win_miss": [
        0.387,
        0.6,
        1.858,
        3.178
      ],
      "max_dx": 2.868,
      "next_gate": 1,
      "case": "range_424242_005",
      "score": 0.08377601759455454,
      "final_ball": [
        3.8569673419780126,
        2.3157431497652814,
        0.05994788085719848
      ],
      "final_drone": [
        3.209223522493537,
        -5.973241643245057,
        0.5525486134704098
      ]
    },
    {
      "fit": [
        1,
        0,
        0.072,
        0.65815,
        -2
      ],
      "success": true,
      "pairs": 1,
      "chain": 1,
      "bg": 1,
      "wins": 1,
      "crash": true,
      "shape": 0.65815,
      "n_vert": 2,
      "mean_up": 0.8769251306768945,
      "mean_vz": 3.7402160809668104,
      "max_r": 3.334,
      "n_contact": 2,
      "win_miss": [
        0.396,
        1.068,
        2.439,
        3.895
      ],
      "max_dx": 2.131,
      "next_gate": 1,
      "case": "range_424242_013",
      "score": 0.07200141809393067,
      "final_ball": [
        3.3339637919197007,
        0.7012198415761156,
        0.05994788062906617
      ],
      "final_drone": [
        -2.7550796205151045,
        3.17417902719864,
        0.2543086447974529
      ]
    },
    {
      "fit": [
        0,
        1,
        0.07117,
        0.34806,
        -1
      ],
      "success": false,
      "pairs": 0,
      "chain": 0,
      "bg": 0,
      "wins": 0,
      "crash": false,
      "shape": 0.34806,
      "n_vert": 1,
      "mean_up": 0.9991306019727956,
      "mean_vz": 4.893121298972081,
      "max_r": 0.091,
      "n_contact": 1,
      "win_miss": [
        1.47,
        2.942,
        4.428,
        5.85
      ],
      "max_dx": 0.075,
      "next_gate": 0,
      "case": "edge_crosswind_a",
      "score": 0.07117475472026959,
      "final_ball": [
        0.09134175645772617,
        0.15498304923802553,
        0.05180547135554926
      ],
      "final_drone": [
        -1.1172984269300494,
        2.058529509335877,
        2.05206150671584
      ]
    },
    {
      "fit": [
        0,
        0,
        0.03181,
        0.80314,
        -7
      ],
      "success": false,
      "pairs": 0,
      "chain": 0,
      "bg": 0,
      "wins": 1,
      "crash": true,
      "shape": 0.80314,
      "n_vert": 3,
      "mean_up": 0.961737488024903,
      "mean_vz": 3.428510002493313,
      "max_r": 2.801,
      "n_contact": 7,
      "win_miss": [
        0.486,
        1.532,
        2.704,
        4.019
      ],
      "max_dx": 2.397,
      "next_gate": 0,
      "case": "low_fast",
      "score": 0.03180623653846154,
      "final_ball": [
        2.8013360730947725,
        -0.3477615625588787,
        0.04720198928136177
      ],
      "final_drone": [
        2.3947404513658794,
        -0.2232696640166595,
        0.37113438245983477
      ]
    },
    {
      "fit": [
        0,
        0,
        0.02695,
        0.64212,
        -6
      ],
      "success": false,
      "pairs": 0,
      "chain": 0,
      "bg": 0,
      "wins": 0,
      "crash": true,
      "shape": 0.64212,
      "n_vert": 6,
      "mean_up": 0.880395263230706,
      "mean_vz": 3.2520630791296377,
      "max_r": 0.716,
      "n_contact": 6,
      "win_miss": [
        1.309,
        2.42,
        3.553,
        4.811
      ],
      "max_dx": 0.795,
      "next_gate": 0,
      "case": "range_424242_000",
      "score": 0.02694897729600704,
      "final_ball": [
        -1.0822349764503183,
        2.9356192901262252,
        0.051124210162911896
      ],
      "final_drone": [
        0.9158013913516555,
        0.405174899043105,
        0.33670443910609216
      ]
    },
    {
      "fit": [
        0,
        0,
        0.0279,
        0.75676,
        -5
      ],
      "success": false,
      "pairs": 0,
      "chain": 0,
      "bg": 0,
      "wins": 0,
      "crash": true,
      "shape": 0.75676,
      "n_vert": 5,
      "mean_up": 0.8048640213791147,
      "mean_vz": 3.3315230131073377,
      "max_r": 1.377,
      "n_contact": 5,
      "win_miss": [
        1.117,
        1.944,
        3.005,
        4.24
      ],
      "max_dx": 1.421,
      "next_gate": 0,
      "case": "range_424242_011",
      "score": 0.027895389143999236,
      "final_ball": [
        -0.5225329065559219,
        5.049928975519152,
        0.048815162634496076
      ],
      "final_drone": [
        -0.6920825198218397,
        4.162103817478467,
        0.45199324117013645
      ]
    },
    {
      "fit": [
        0,
        0,
        0.03798,
        0.50345,
        -17
      ],
      "success": false,
      "pairs": 0,
      "chain": 0,
      "bg": 0,
      "wins": 0,
      "crash": true,
      "shape": 0.50345,
      "n_vert": 3,
      "mean_up": 0.8588855495557706,
      "mean_vz": 2.686468059598488,
      "max_r": 1.281,
      "n_contact": 17,