{
  "n_vert": 5,
  "juggle_success": true,
  "mean_vz": 1.118188169027064,
  "max_r": 0.05283534803708641,
  "drone_crash": 0,
  "camera": "review_wide",
  "contacts": 116
}