{
  "scenario": {
    "name": "nominal",
    "seed": 1101,
    "init_drone_pos": [
      0.0,
      0.0,
      0.95
    ],
    "init_ball_pos": [
      0.0,
      0.0,
      1.72
    ],
    "init_ball_vel": [
      0.0,
      0.0,
      -0.45
    ],
    "gate_y_jitter": 0.0,
    "gate_height_jitter": 0.0,
    "target_jitter_xy": [
      0.0,
      0.0
    ],
    "sensor_delay_steps": 3,
    "ball_pos_noise_std": 0.004,
    "ball_vel_noise_std": 0.018,
    "drone_pos_noise_std": 0.002,
    "drone_vel_noise_std": 0.01,
    "dropout_prob": 0.0,
    "wind_xy": [
      0.0,
      0.0
    ]
  },
  "time": 7.999999999999341,
  "observation_mode": "partial",
  "score": 0.7973842854966342,
  "hard_success": false,
  "gate_progress_score": 1.0,
  "raw_gate_progress_score": 1.0,
  "bounced_gate_progress_score": 1.0,
  "bounced_gate_passes": 4,
  "bounced_gate_pass": [
    true,
    true,
    true,
    true
  ],
  "gate_bounce_delay_s": [
    0.05400000000000005,
    0.2160000000000002,
    0.1140000000000001,
    0.029999999999996696
  ],
  "gate_bounce_contact_times_s": [
    0.8060000000000006,
    1.0200000000000007,
    1.500000000000001,
    2.091999999999991
  ],
  "gate_required_after_s": [
    null,
    0.9400000000000006,
    1.316000000000001,
    1.6940000000000013
  ],
  "distinct_gate_bounce_count": 4,
  "gate_credit_contact_count": 8,
  "gate_credit_quality_score": 0.618057091145791,
  "bounced_gate_clearances_m": [
    0.9761406505230878,
    1.109747047144976,
    1.0000587253638837,
    0.243339692883894
  ],
  "drone_window_score": 0.75,
  "raw_drone_window_score": 0.75,
  "safety_score": 0.0,
  "target_score": 0.9351180591209874,
  "target_settle_score": 0.7534345352722408,
  "target_box_score": 0.999999999968779,
  "target_box_entered": true,
  "target_box_exit_after_entry": false,
  "target_box_dwell_time_s": 4.324,
  "target_softness_score": 0.0,
  "max_capture_zone_height_m": 4.094071569805445,
  "high_bounce_score": 0.9927166196333637,
  "eligible_mean_over_clearance_m": 1.042943848834032,
  "eligible_max_over_clearance_m": 1.109747047144976,
  "high_bounce_exclusion_radius_m": 2.75,
  "gate_top_clearance_margin_m": 0.01,
  "gate_required_ball_center_z_m": [
    2.59,
    2.69,
    2.65,
    2.73
  ],
  "eligible_high_bounce_gate_count": 2,
  "bounce_objective_score": 0.9670374647250227,
  "contact_score": 0.89,
  "useful_contact_score": 0.7250000000000001,
  "mean_bounce_score": 1.0,
  "contact_chatter_score": 1.0,
  "contact_time_score": 1.0,
  "useful_contact_count": 1,
  "total_contact_time_s": 0.08999999999999875,
  "contact_quality_ok": true,
  "contact_events_debug": [
    {
      "start": 0.21000000000000016,
      "end": 0.21600000000000016,
      "dwell": 0.006000000000000005,
      "vz_in": 1.919857550232826,
      "vz_out": 5.1859105751874655,
      "pos_out": [
        0.010060959467356618,
        0.00507925976281076,
        1.4506639668033388
      ],
      "vel_out": [
        1.4106236597247706,
        0.7121676188771191,
        5.1859105751874655
      ]
    },
    {
      "start": 0.3720000000000003,
      "end": 0.3780000000000003,
      "dwell": 0.006000000000000005,
      "vz_in": 3.9551769273254154,
      "vz_out": 5.543608543379111,
      "pos_out": [
        0.24009624607635766,
        0.12148999898532065,
        2.1436420623061383
      ],
      "vel_out": [
        2.3808263087616455,
        1.1626294906581502,
        5.543608543379111
      ]
    },
    {
      "start": 0.8000000000000006,
      "end": 0.8060000000000006,
      "dwell": 0.006000000000000005,
      "vz_in": 1.6818565138132073,
      "vz_out": 2.084912360107495,
      "pos_out": [
        1.1573726167392258,
        0.5698941345663558,
        3.4588330393506244
      ],
      "vel_out": [
        3.2326469466103402,
        1.3520507696703992,
        2.084912360107495
      ]
    },
    {
      "start": 1.0140000000000007,
      "end": 1.0200000000000007,
      "dwell": 0.006000000000000005,
      "vz_in": 1.0312201811342345,
      "vz_out": 1.5559586984733862,
      "pos_out": [
        1.835209305347685,
        0.8511316072129987,
        3.6867029455660587
      ],
      "vel_out": [
        4.283412572139915,
        1.7439353038184402,
        1.5559586984733862
      ]
    },
    {
      "start": 1.418000000000001,
      "end": 1.424000000000001,
      "dwell": 0.006000000000000005,
      "vz_in": -1.337664292246243,
      "vz_out": -0.559496174069147,
      "pos_out": [
        3.467053894395054,
        1.5025472724641016,
        3.5334914368335917
      ],
      "vel_out": [
        3.6627997848099563,
        1.5696118863394826,
        -0.559496174069147
      ]
    },
    {
      "start": 1.456000000000001,
      "end": 1.462000000000001,
      "dwell": 0.006000000000000005,
      "vz_in": -0.49081108179316896,
      "vz_out": -0.004861546485742274,
      "pos_out": [
        3.604737830181868,
        1.5617584996418814,
        3.510909511788774
      ],
      "vel_out": [
        3.5043619234680783,
        1.5494196978015407,
        -0.004861546485742274
      ]
    },
    {
      "start": 1.478000000000001,
      "end": 1.484000000000001,
      "dwell": 0.006000000000000005,
      "vz_in": 0.12062807555040117,
      "vz_out": 0.3459294587255954,
      "pos_out": [
        3.6809934800760056,
        1.5955946695808882,
        3.5120420058226083
      ],
      "vel_out": [
        3.3961084133593578,
        1.5225097397086869,
        0.3459294587255954
      ]
    },
    {
      "start": 1.492000000000001,
      "end": 1.500000000000001,
      "dwell": 0.008000000000000007,
      "vz_in": 0.3742962137802601,
      "vz_out": 0.5876714977493201,
      "pos_out": [
        3.734718881789668,
        1.6197406627302111,
        3.5191513228000875
      ],
      "vel_out": [
        3.316914506172276,
        1.4955719776554077,
        0.5876714977493201
      ]
    },
    {
      "start": 1.5040000000000011,
      "end": 1.5100000000000011,
      "dwell": 0.006000000000000005,
      "vz_in": 0.6901456111713705,
      "vz_out": 0.8037066227684243,
      "pos_out": [
        3.767450930877189,
        1.634541324194978,
        3.526491532277231
      ],
      "vel_out": [
        3.249775334403282,
        1.471203494028516,
        0.8037066227684243
      ]
    },
    {
      "start": 1.5140000000000011,
      "end": 1.5200000000000011,
      "dwell": 0.006000000000000005,
      "vz_in": 0.8958405203003067,
      "vz_out": 1.00776882180276,
      "pos_out": [
        3.7995175242331674,
        1.6490795045028073,
        3.5358944342834064
      ],
      "vel_out": [
        3.182917858206828,
        1.4437469022149199,
        1.00776882180276
      ]
    },
    {
      "start": 1.5240000000000011,
      "end": 1.5300000000000011,
      "dwell": 0.006000000000000005,
      "vz_in": 1.1122435494028708,
      "vz_out": 1.2215250362131087,
      "pos_out": [
        3.830884254215923,
        1.6633111984996682,
        3.547431659299707
      ],
      "vel_out": [
        3.1123892800571262,
        1.411760028960567,
        1.2215250362131087
      ]
    },
    {
      "start": 1.5340000000000011,
      "end": 1.5400000000000011,
      "dwell": 0.006000000000000005,
      "vz_in": 1.3131333043611708,
      "vz_out": 1.4267804912493096,
      "pos_out": [
        3.861560769939576,
        1.6772059920737101,
        3.5610171107542437
      ],
      "vel_out": [
        3.0429918551264588,
        1.3766817675217682,
        1.4267804912493096
      ]
    },
    {
      "start": 1.5440000000000011,
      "end": 1.5480000000000012,
      "dwell": 0.0040000000000000036,
      "vz_in": 1.4050600896331304,
      "vz_out": 1.3756216146660363,
      "pos_out": [
        3.885845061739731,
        1.6881783028536614,
        3.5721831895435683
      ],
      "vel_out": [
        3.031302554895169,
        1.3686374564626584,
        1.3756216146660363
      ]
    },
    {
      "start": 2.085999999999992,