{
  "score": 0.1452,
  "hard_success": 0,
  "bounced_gate_passes": 1,
  "bounced_gate_pass": [
    1,
    0,
    0,
    0
  ],
  "raw_gates_passed": 2,
  "drone_windows_passed": 1,
  "target_box_score": 0.0,
  "target_box_entered": 0,
  "safety_score": 0.0,
  "drone_crash": 1,
  "max_tilt_deg": 148.33400225809245,
  "max_action_N": 13.0,
  "final_ball_pos": [
    1.6671359808565032,
    4.944710035349078,
    0.05994866965321545
  ],
  "final_drone_pos": [
    10.873947899625561,
    7.008363234732605,
    1.3801680722449055
  ],
  "contacts": 4,
  "observation_mode": "partial",
  "scenario_name": "range_424242_014",
  "policy_path": "/opt/pingpong/progression/_staging/20260718T175806Z_policy_evolved_g814/policy.py",
  "policy_sha256": "4bb0cdf8df156ebe743b4cf6ae9ae36553aa70a13b7f53d556babec72d70b6c6",
  "phase_notes": null
}