{
  "score": 0.19512,
  "hard_success": 0,
  "bounced_gate_passes": 2,
  "bounced_gate_pass": [
    1,
    1,
    0,
    0
  ],
  "raw_gates_passed": 3,
  "drone_windows_passed": 1,
  "target_box_score": 0.0,
  "target_box_entered": 0,
  "safety_score": 0.0,
  "drone_crash": 1,
  "max_tilt_deg": 177.70629679824512,
  "max_action_N": 13.0,
  "final_ball_pos": [
    4.690960700212092,
    0.37396443020180087,
    0.0599478807702817
  ],
  "final_drone_pos": [
    4.628170209147879,
    1.9655942344778894,
    0.26621598558937376
  ],
  "contacts": 82,
  "observation_mode": "partial",
  "scenario_name": "edge_jitter_only",
  "policy_path": "/opt/pingpong/progression/_staging/20260718T152101Z_policy_evolved_g202/policy.py",
  "policy_sha256": "3700811d2272dfd3258ea17c06e1857dab6db2bc83f5d4d1c6ec2511d4e4aeab",
  "phase_notes": null
}