{
  "score": 0.2177244819688058,
  "hard_success": 0,
  "bounced_gate_passes": 2,
  "bounced_gate_pass": [
    1,
    1,
    0,
    0
  ],
  "raw_gates_passed": 3,
  "drone_windows_passed": 0,
  "target_box_score": 0.0,
  "target_box_entered": 0,
  "safety_score": 0.0,
  "drone_crash": 1,
  "max_tilt_deg": 113.99422198782408,
  "max_action_N": 13.0,
  "final_ball_pos": [
    5.065200123957831,
    -0.09905520511654235,
    0.05994788076548382
  ],
  "final_drone_pos": [
    18.64736626133796,
    2.4114582373853337,
    1.3763109991181341
  ],
  "contacts": 8,
  "observation_mode": "partial",
  "scenario_name": "range_424242_012",
  "policy_path": "/mnt/openfoam/pingpong-venv/progression/_staging/20260715T190136Z_policy_evolved_ci_20260715T185748Z/policy.py",
  "policy_sha256": "a96d404652ea9a969d26c6dbf02e408563c10194096d89d670f3b961f1e0db0d",
  "phase_notes": null
}