{
  "score": 0.20759999999999998,
  "hard_success": 0,
  "bounced_gate_passes": 2,
  "bounced_gate_pass": [
    1,
    1,
    0,
    0
  ],
  "raw_gates_passed": 4,
  "drone_windows_passed": 0,
  "target_box_score": 0.0,
  "target_box_entered": 0,
  "safety_score": 1.0,
  "drone_crash": 0,
  "max_tilt_deg": 63.02714571935139,
  "max_action_N": 13.0,
  "final_ball_pos": [
    18.216729021151817,
    6.519579695087043,
    0.059968496873765924
  ],
  "final_drone_pos": [
    30.10479260870139,
    3.95613130725557,
    0.746741663846001
  ],
  "contacts": 26,
  "observation_mode": "partial",
  "scenario_name": "range_424242_005",
  "policy_path": "/mnt/openfoam/pingpong-venv/progression/_staging/20260715T190136Z_policy_evolved_ci_20260715T185748Z/policy.py",
  "policy_sha256": "a96d404652ea9a969d26c6dbf02e408563c10194096d89d670f3b961f1e0db0d",
  "phase_notes": null
}