{
  "score": 0.126,
  "hard_success": 0,
  "bounced_gate_passes": 1,
  "bounced_gate_pass": [
    1,
    0,
    0,
    0
  ],
  "raw_gates_passed": 1,
  "drone_windows_passed": 1,
  "target_box_score": 0.0,
  "target_box_entered": 0,
  "safety_score": 0.0,
  "drone_crash": 1,
  "max_tilt_deg": 100.71642153173377,
  "max_action_N": 13.0,
  "final_ball_pos": [
    2.5440391329287637,
    -9.657372627785904,
    0.059967964902503335
  ],
  "final_drone_pos": [
    2.431245530967879,
    0.7961684602519775,
    0.2568282167955612
  ],
  "contacts": 162,
  "observation_mode": "partial",
  "scenario_name": "edge_initial_offsets_a",
  "policy_path": "/mnt/openfoam/pingpong-venv/progression/_staging/20260717T043509Z_policy_evolved_ci_20260717T043509Z/policy.py",
  "policy_sha256": "9a21bc6f0216acb51f41da7b23e396ab49ab4d85b2fe8448eb1ecd47b15bac95",
  "phase_notes": null
}