{
  "score": 0.39550481706329266,
  "hard_success": 0,
  "bounced_gate_passes": 2,
  "bounced_gate_pass": [
    1,
    1,
    0,
    0
  ],
  "raw_gates_passed": 2,
  "drone_windows_passed": 1,
  "target_box_score": 0.9917469510548784,
  "target_box_entered": 1,
  "safety_score": 0.0,
  "drone_crash": 0,
  "max_tilt_deg": 81.8078140274475,
  "max_action_N": 13.0,
  "final_ball_pos": [
    6.626684035925717,
    2.7530755702557097,
    0.1089154384797985
  ],
  "final_drone_pos": [
    4.151800430245922,
    2.924900209462402,
    0.7279206103249561
  ],
  "contacts": 55,
  "observation_mode": "partial",
  "scenario_name": "range_424242_000",
  "policy_path": "/mnt/openfoam/pingpong-venv/progression/_staging/20260720T102234Z_policy_v230/policy.py",
  "policy_sha256": "66bb13d0bdc15b188a3d902f8d4098baf91a4e775998b007a3688fbf517eade6",
  "phase_notes": null
}