{
  "scenario": {
    "name": "range_424242_005",
    "seed": 424242005,
    "init_drone_pos": [
      -0.029003085453866335,
      0.013382892929023234,
      1.0002571830057831
    ],
    "init_ball_pos": [
      -0.0013093096143274874,
      0.022934093187580044,
      1.7769688127882404
    ],
    "init_ball_vel": [
      0.015042866897146805,
      0.003770266809299505,
      -0.5765099394743869
    ],
    "gate_y_jitter": 0.006087893090226593,
    "gate_height_jitter": 0.025260671190574364,
    "target_jitter_xy": [
      -0.07428667047850913,
      0.06588268681631286
    ],
    "sensor_delay_steps": 5,
    "ball_pos_noise_std": 0.0031599872210762697,
    "ball_vel_noise_std": 0.030747385377076067,
    "drone_pos_noise_std": 0.003899301201162821,
    "drone_vel_noise_std": 0.017681725002825242,
    "dropout_prob": 0.0016118569059081526,
    "wind_xy": [
      -0.043855758254300284,
      -0.047250384790441274
    ]
  },
  "time": 7.999999999999341,
  "observation_mode": "partial",
  "score": 0.18967780145736685,
  "hard_success": false,
  "gate_progress_score": 0.5,
  "raw_gate_progress_score": 0.5,
  "bounced_gate_progress_score": 0.5,
  "bounced_gate_passes": 2,
  "bounced_gate_pass": [
    true,
    true,
    false,
    false
  ],
  "gate_bounce_delay_s": [
    0.16800000000000015,
    0.4239999999999533,
    null,
    null
  ],
  "gate_bounce_contact_times_s": [
    1.376000000000001,
    2.0080000000000005,
    null,
    null
  ],
  "gate_required_after_s": [
    null,
    1.6240000000000012,
    2.511999999999954,
    2.511999999999954
  ],
  "distinct_gate_bounce_count": 2,
  "gate_credit_contact_count": 5,
  "gate_credit_quality_score": 0.8802036963815165,
  "bounced_gate_clearances_m": [
    0.5495132361645236,
    0.04918223812908584,
    null,
    null
  ],
  "drone_window_score": 0.25,
  "raw_drone_window_score": 0.5,
  "safety_score": 0.0,
  "target_score": 0.06735609593363011,
  "target_settle_score": 0.0,
  "target_box_score": 0.0,
  "target_box_entered": false,
  "target_box_exit_after_entry": false,
  "target_box_dwell_time_s": 0.0,
  "target_softness_score": 0.0,
  "max_capture_zone_height_m": -1000000000.0,
  "high_bounce_score": 0.3733204186071703,
  "eligible_mean_over_clearance_m": 0.29934773714680474,
  "eligible_max_over_clearance_m": 0.5495132361645236,
  "high_bounce_exclusion_radius_m": 2.75,
  "gate_top_clearance_margin_m": 0.01,
  "gate_required_ball_center_z_m": [
    2.6112758654195942,
    2.6926302435396106,
    2.625892819609526,
    2.722186075195399
  ],
  "eligible_high_bounce_gate_count": 2,
  "bounce_objective_score": 0.5003607208632372,
  "contact_score": 0.8814816276314382,
  "useful_contact_score": 0.7037040690785956,
  "mean_bounce_score": 0.9526757090635456,
  "contact_chatter_score": 1.0,
  "contact_time_score": 1.0,
  "useful_contact_count": 1,
  "total_contact_time_s": 0.17599999999998328,
  "contact_quality_ok": false,
  "contact_events_debug": [
    {
      "start": 0.18000000000000013,
      "end": 0.18600000000000014,
      "dwell": 0.006000000000000005,
      "vz_in": 2.125728759007712,
      "vz_out": 4.441932154915942,
      "pos_out": [
        0.0019347622541424083,
        0.022468889632712766,
        1.550749147668314
      ],
      "vel_out": [
        0.17365285834593155,
        -0.05138582019538408,
        4.441932154915942
      ]
    },
    {
      "start": 0.8200000000000006,
      "end": 0.8260000000000006,
      "dwell": 0.006000000000000005,
      "vz_in": 1.7421170684048275,
      "vz_out": 3.890321177022168,
      "pos_out": [
        0.11708999644800282,
        -0.018091771837930235,
        2.271591010183535
      ],
      "vel_out": [
        2.0710104644247176,
        -0.10394908711320366,
        3.890321177022168
      ]
    },
    {
      "start": 1.370000000000001,
      "end": 1.376000000000001,
      "dwell": 0.006000000000000005,
      "vz_in": 0.8738390062194835,
      "vz_out": 2.670152249352784,
      "pos_out": [
        1.1849107178883298,
        -0.06649146988285626,
        2.8475248183560824
      ],
      "vel_out": [
        0.8789718205748874,
        0.15583202938716728,
        2.670152249352784
      ]
    },
    {
      "start": 1.7840000000000014,
      "end": 1.7900000000000014,
      "dwell": 0.006000000000000005,
      "vz_in": -0.7181435243951424,
      "vz_out": 1.0578919320247346,
      "pos_out": [
        1.5374573603866561,
        -0.0024344627475482946,
        3.1059613765246303
      ],
      "vel_out": [
        1.065304194043808,
        0.4795261308543889,
        1.0578919320247346
      ]
    },
    {
      "start": 2.002000000000001,
      "end": 2.0080000000000005,
      "dwell": 0.005999999999999339,
      "vz_in": -0.4212473801679518,
      "vz_out": 0.1894443999924312,
      "pos_out": [
        1.769551722575863,
        0.10123099537274513,
        3.10903406385203
      ],
      "vel_out": [
        1.5659788024650272,
        0.5911534783050482,
        0.1894443999924312
      ]
    },
    {
      "start": 2.1259999999999875,
      "end": 2.131999999999987,
      "dwell": 0.005999999999999339,
      "vz_in": -0.5783965927163177,
      "vz_out": -0.3858335706963923,
      "pos_out": [
        1.9649065429874455,
        0.17417061892385882,
        3.0606894237370006
      ],
      "vel_out": [
        1.9411214405514725,
        0.6263979361373785,
        -0.3858335706963923
      ]
    },
    {
      "start": 2.201999999999979,
      "end": 2.209999999999978,
      "dwell": 0.007999999999999119,
      "vz_in": -0.9442825266953507,
      "vz_out": -0.7988084595486522,
      "pos_out": [
        2.117531242837216,
        0.222901852518397,
        3.003296502358145
      ],
      "vel_out": [
        2.1876248916469203,
        0.6373134664732066,
        -0.7988084595486522
      ]
    },
    {
      "start": 2.2419999999999747,
      "end": 2.247999999999974,
      "dwell": 0.005999999999999339,
      "vz_in": -0.9914142105090801,
      "vz_out": -0.9629169950852248,
      "pos_out": [
        2.2015844055604665,
        0.2471085987330365,
        2.9670919077338667
      ],
      "vel_out": [
        2.3507205879734916,
        0.6415670206227019,
        -0.9629169950852248
      ]
    },
    {
      "start": 2.2619999999999725,
      "end": 2.267999999999972,
      "dwell": 0.005999999999999339,
      "vz_in": -1.0436840516553678,
      "vz_out": -1.0216262947332684,
      "pos_out": [
        2.2492958773521865,
        0.25995740106385035,
        2.9465848534280576
      ],
      "vel_out": [
        2.4676169283463403,
        0.6453959788674664,
        -1.0216262947332684
      ]
    },
    {
      "start": 2.273999999999971,
      "end": 2.2799999999999705,
      "dwell": 0.005999999999999339,
      "vz_in": -1.0518086458831135,
      "vz_out": -1.060062925848823,
      "pos_out": [
        2.279330857286886,
        0.2677156698021612,
        2.933993792148733
      ],
      "vel_out": [
        2.537239128082296,
        0.6476488667902515,
        -1.060062925848823
      ]
    },
    {
      "start": 2.2819999999999703,
      "end": 2.2879999999999696,
      "dwell": 0.005999999999999339,
      "vz_in": -1.0571573054421293,
      "vz_out": -1.0794743908376725,
      "pos_out": [
        2.2999704465700463,
        0.2729070549423404,
        2.9254857383927932
      ],
      "vel_out": [
        2.5910592626493028,
        0.649164972083133,
        -1.0794743908376725
      ]
    },
    {
      "start": 2.2899999999999694,
      "end": 2.2959999999999687,
      "dwell": 0.005999999999999339,
      "vz_in": -1.0721011022018645,
      "vz_out": -1.0900909489511112,
      "pos_out": [
        2.321105248852773,
        0.27810943985983777,
        2.9168828068145642
      ],
      "vel_out": [
        2.654306810709542,
        0.6505043261636827,
        -1.0900909489511112
      ]
    },
    {
      "start": 2.2979999999999685,
      "end": 2.303999999999968,
      "dwell": 0.005999999999999339,