{
  "score": 0.20759999999999998,
  "hard_success": 0,
  "bounced_gate_passes": 2,
  "bounced_gate_pass": [
    1,
    1,
    0,
    0
  ],
  "raw_gates_passed": 2,
  "drone_windows_passed": 1,
  "target_box_score": 0.0,
  "target_box_entered": 0,
  "safety_score": 0.0,
  "drone_crash": 1,
  "max_tilt_deg": 113.52593454459647,
  "max_action_N": 13.0,
  "final_ball_pos": [
    13.090921184585032,
    2.427019210484456,
    0.05995892489316286
  ],
  "final_drone_pos": [
    13.637404971914329,
    -6.928131663578326,
    0.19119960044780396
  ],
  "contacts": 8,
  "observation_mode": "partial",
  "scenario_name": "range_424242_009",
  "policy_path": "/opt/pingpong/progression/_staging/20260718T175806Z_policy_evolved_g814/policy.py",
  "policy_sha256": "4bb0cdf8df156ebe743b4cf6ae9ae36553aa70a13b7f53d556babec72d70b6c6",
  "phase_notes": null
}