{
  "score": 0.7890418475828815,
  "hard_success": 0,
  "bounced_gate_passes": 4,
  "bounced_gate_pass": [
    1,
    1,
    1,
    1
  ],
  "raw_gates_passed": 4,
  "drone_windows_passed": 4,
  "target_box_score": 0.9921243798603757,
  "target_box_entered": 1,
  "safety_score": 0.0,
  "drone_crash": 1,
  "max_tilt_deg": 170.73484396225055,
  "max_action_N": 13.0,
  "final_ball_pos": [
    6.781659767806797,
    2.252396404533893,
    0.10891543866953078
  ],
  "final_drone_pos": [
    3.314278018609887,
    3.1470256748137766,
    1.7879408551929505
  ],
  "contacts": 6,
  "observation_mode": "partial",
  "scenario_name": "range_424242_011",
  "policy_path": "/mnt/openfoam/pingpong-venv/progression/_staging/20260719T190202Z_policy_v230/policy.py",
  "policy_sha256": "db5c58dd5fea88b34e984774f0472d897e3ac5fc2f1ba07c9373d282d9f4fc88",
  "phase_notes": null
}