{
  "score": 0.2646,
  "hard_success": 0,
  "bounced_gate_passes": 3,
  "bounced_gate_pass": [
    1,
    1,
    1,
    0
  ],
  "raw_gates_passed": 3,
  "drone_windows_passed": 1,
  "target_box_score": 0.0,
  "target_box_entered": 0,
  "safety_score": 0.0,
  "drone_crash": 1,
  "max_tilt_deg": 179.92745296786322,
  "max_action_N": 13.0,
  "final_ball_pos": [
    2.6711801184164323,
    5.7127859896629385,
    0.05995410659283776
  ],
  "final_drone_pos": [
    7.391204065737666,
    2.5346752987545615,
    0.4289274305533851
  ],
  "contacts": 5,
  "observation_mode": "partial",
  "scenario_name": "range_424242_010",
  "policy_path": "/opt/pingpong/progression/_staging/20260718T175806Z_policy_evolved_g814/policy.py",
  "policy_sha256": "4bb0cdf8df156ebe743b4cf6ae9ae36553aa70a13b7f53d556babec72d70b6c6",
  "phase_notes": null
}